__label__0,はいはい　今日もライジング太陽ごくろうさまです
__label__0,最近ずっとこんな調子で居心地悪いや
__label__0,うさんくさい明日に翻弄されて自問自答の日々
__label__0,前頭葉で溜まった不安とちちくり合ってんだ
__label__0,愛をちょうだいどうだろう　兄弟
__label__0,所詮　若輩者の御手前は空回り
__label__0,思想も理論も英単語もカタコトばかり
__label__0,IQちょうだいそうだろう　兄弟
__label__0,鬼さんこちら手のなる方へあなたの胸が高鳴る方へ
__label__0,掃除したての僕の部屋へ ついておいで
__label__0,途中でコンビニ 寄ってこうかいつもの食パン 買ってこうか
__label__0,ついでに思い出つくろうか キスしようか
__label__0,Woh 愛のかたちを 詰め込みましょう
__label__0,曇り空の流星群もショッピングセンターの裏のベンチも
__label__0,愛のかたちを 詰め込みましょう
__label__0,思い出その他を 包んだ両手はこの先二人の道しるべに きっと
__label__0,意味もないのに 怒ってみたりそんなあやまちを繰り返したり
__label__0,でもそこから始まるストーリー 夢のほとり
__label__0,鬼さんこちら手のなる方へあなたの胸が高鳴る方へ
__label__0,それが君のわがままならば 身を投げて
__label__0,Woh 愛のかたちを彩って
__label__0,君がスネた時のクセも君の前で吸った タバコの数も
__label__0,愛のかたちを彩って
__label__0,ダ・ビンチやゴッホの 絵画のようにますます二人は やさしい色にきっと… 
__label__0,Woh 愛のかたちを 詰め込みましょう
__label__0,曇り空の流星群もショッピングセンターの裏のベンチも
__label__0,愛のかたちを 詰め込みましょう
__label__0,思い出その他を 包んだ両手はこの先二人の道しるべに
__label__0,やあ　めぐり逢えたねようこそ　MANKAI　カンパニー
__label__0,動き出したら　夢のはじまり
__label__0,夢中になって追いかけてくシナリオ
__label__0,どんな場面に差し掛かっても
__label__0,手と手を伸ばせば　憧れの舞台が待ってる
__label__0,君のせいだよユーフォリア世界が変わったようさ
__label__0,「運命」だと言うのなら　騒がしい幕が上がるよ
__label__0,君とパッと咲かせよう　夢の物語
__label__0,主役も脇役もそんなの関係ないさ
__label__0,きっと誰もが生まれながらに主人公
__label__0,君のもとで　花開く1ページ
__label__0,めぐり逢えたねようこそ　MANKAI　カンパニー
__label__0,立ち止まろうが振り返ろうが待ってくれないのが　人生という眩しいステージ
__label__0,前を向いて　メランコリア悩む暇なんてないさ
__label__0,いつも胸の中には　止まれない理由があるから
__label__0,君と一歩踏み出そう
__label__0,息の詰まるような戸惑いや不安など　そんなのあって当然さ
__label__0,だって涙を超えてはじめて主人公
__label__0,そのすべてが　必要な1ページ
__label__0,やっと逢えたね
__label__0,ようこそ　MANKAI　カンパニーIt's Show Time！！
__label__0,スポットライトを浴びに行こう
__label__0,銀色の未来を駆けてこう
__label__0,巡り巡る回り回る　季節の中で
__label__0,君とパッと咲かせよう　夢の物語
__label__0,主役も脇役もそんなの関係ないさ
__label__0,きっと誰もが生まれながらに主人公
__label__0,君のもとで花開く1ページ
__label__0,めぐり逢えたね
__label__0,ようこそ　MANKAI　カンパニー
__label__0,僕はその類いの歌を知ってる
__label__0,夢を綴った綺麗ごとじゃうまく笑えないよ
__label__0,オレンジ色をした街灯が揺れる
__label__0,背中合わせの孤独たちが遠くで鳴いてる
__label__0,君に届け　残らず届け
__label__0,暗闇を裂いて苦しい夜をかきわけながら
__label__0,朝焼けを待ってる　朝焼けを待ってる
__label__0,僕はその心の名前を知ってる
__label__0,殴り書いてく言葉もまた君に続くよ
__label__0,春には優しさを　夏には夢を
__label__0,寒い秋には物語を　冬には誓いを
__label__0,君に向かえ　真っすぐ向かえ
__label__0,季節をまたいでどんな過去の傷跡たちも月日が撫でてく
__label__0,それでもまた浮かんでしまう柔らかい思い出
__label__0,奥の方に閉じ込めてた弱さがこぼれる
__label__0,君に届け　残らず届け
__label__0,暗闇を裂いて苦しい夜をかきわけながら
__label__0,朝焼けを待ってる歌にして待ってる
__label__0,その指で　その指でなぞる世界を
__label__0,いつまでも　いつまでも愛と呼びます
__label__0,通りゃんせ　ほら　通りゃんせ
__label__0,いついつ出逢う幼き日の約束今も巡る
__label__0,あしたてんきになあれ
__label__0,夕空に願い込めて
__label__0,そこにいたのはだあれ?
__label__0,舞い上がる　嗚呼　舞い落ちる君の面影
__label__0,その花で　その花で占う恋を結んだら　開いたらさあ出掛けよう
__label__0,通り雨　嗚呼　通り雨どんな痛みも
__label__0,あの日の傷のように過ぎて行くよ
__label__0,あしたてんきになあれ
__label__0,飛ばした靴の先に僕らは何を見たの?
__label__0,曇り晴れ　どんな空でも君に幸あれ
__label__0,あしたてんきになあれ
__label__0,夕空に願い込めて
__label__0,そこにいたのはだあれ?
__label__0,舞い上がる　嗚呼　舞い落ちる君の面影
__label__0,僕らは甘い夜を越えそれを恋と呼び合う
__label__0,いつぶりだろう　こんな気持ち忘れかけていたよな
__label__0,君の小さな手のひらを照れながら握ってる
__label__0,そしてまた　ひとつ　ひとつ消えてゆく街灯り
__label__0,二人だけのためにある世界になる
__label__0,巡り逢えたすべてに意味があり
__label__0,過去に背負った傷も無駄じゃないよ
__label__0,今　君が目の前にいるだけで何もかも報われていく
__label__0,照れ笑いながら僕ら　積み上げる　恋心
__label__0,とりとめのない話で確かめ合うように
__label__0,巡り逢えた君とのシナリオに想いがあふれそうでどうしようもないよ
__label__0,人を好きになる　リアルな気持ち
__label__0,何もかも思い出してく
__label__0,幾何学模様の石段の上
__label__0,少しふざけてみせる君のあと　追いながら
__label__0,また夜が更ける
__label__0,巡り逢えたすべてに意味があり
__label__0,過去に背負った傷も無駄じゃないよ
__label__0,今　君と迎える朝焼けには
__label__0,何かが始まる予感とまだ君を知りたい気持ち
__label__0,僕らは甘い夜を越えそれを恋と呼び合う
__label__0,君のいない物語
__label__0,気の抜けたコーラのような日々
__label__0,僕はいつも空回り
__label__0,時計の針は　イージーカム・イージーゴー
__label__0,つまりは光と影　君が落とした光と影
__label__0,ある種の自由たちと　その倍はある無力感
__label__0,答えは迷宮入り　君が残した無理難題
__label__0,どこまで続くでしょう?心のトンネル
__label__0,部屋の窓辺は茜色
__label__0,今日の日の終わり
__label__0,歯向かう術なく眺めればふいに見つかる恋の写真
__label__0,くたびれたシャツのポケットの奥の方
__label__0,だんだん暮れかかる街並みに　君を重ねた
__label__0,問答無用　僕の心はじけた
__label__0,一旦手の届かない場所へしまい込んだはずなのに
__label__0,いたずらに　気まぐれに　君の微笑み
__label__0,時には酒の肴　君と作った愛のかけら
__label__0,刻んで馬鹿話に変えてみたりして
__label__0,負け犬にはなりたかないし
__label__0,おどけてごまかして　僕はまた意地を張る
__label__0,どうしようもない劣等感の中　君の偶像と問答無用の勝負が続いてく
__label__0,実際　新たな恋を求め意気込んでみたもののなんだかな
__label__0,空しくて　ままならなくて
__label__0,君のいない物語
__label__0,気の抜けたコーラのような日々
__label__0,僕はいつも空回り
__label__0,君のいない物語
__label__0,ずいぶんと探しまわったけれど
__label__0,僕の心のトンネルは結局　君に繋がっているよ
__label__0,乗りかかった船だろう？出航ー！
__label__0,世界の果てはどこにあるのかな
__label__0,もしかして崖のように海が途切れているかも
__label__0,本で見た虹のはじまりの場所も確かめないまま終わるなんてつまらない
__label__0,地球は回る　君と僕を乗せて　まるで箱舟
__label__0,さあ　心にある羅針盤をかざせ
__label__0,東西南北　指し示すほうに
__label__0,君と物語を見つけに行こう
__label__0,人生なんてたった一度きり
__label__0,一生を賭けて何を残そう
__label__0,乗りかかった船だろう？
__label__0,連れてくって言っただろう？
__label__0,北風に吹かれるような日々の中
__label__0,かじかむ日常に君が顔を出したんだ
__label__0,あたたかな風をよこしてくれたのは疑う余地なくその笑顔でした
__label__0,出会いは巡る　君と僕を引き寄せた
__label__0,歯車よし　この舵取りを「運命」と呼ぼう
__label__0,将来後悔なんてしないように
__label__0,君とこの地図を広げていこう
__label__0,どんなささいな感動もいま　大げさに泣いたり笑ったりしよう
__label__0,大船に乗った気で　旅しようか付き合ってくれるだろう？
__label__0,吉と出るか凶と出るか
__label__0,鬼が出るか蛇が出るか
__label__0,生きてくこと自体が博打みたいなもんさ
__label__0,世界をおもしろくするのは我々自身だ！
__label__0,この素晴らしきかなインビテーション
__label__0,そこには大人も幼女も関係ない
__label__0,またゼロから始まる愛のダンジョン
__label__0,カタカタ骨の折れそうな新世界
__label__0,あれは何だろう　これは何だろう
__label__0,どうのこうの言う前に仕方ないだろうやるっきゃないだろう
__label__0,状況把握で戦況をうまく切りぬけろとか
__label__0,なんとか言ってる場合じゃないような異常事態
__label__0,帰りたい　帰れない
__label__0,戻りたい　戻れない
__label__0,異世界もわりといい世界
__label__0,ここは来るもの拒まず　千客万来
__label__0,案外　気の持ちようみたい
__label__0,どこにいてもパラダイス
__label__0,世界をおもしろくするのは我々自身だ！
__label__0,さっぱり全然ちんぷんかんぷんコミュニケーション
__label__0,生まれた場所が違うから　It's all right！
__label__0,ことわりが全くもってイミテーション
__label__0,考えても凹むだけ　Feel so nice！
__label__0,あれはないだろう　これはないだろう
__label__0,なんだかんだ否定しても意味がないだろう　始まらないだろう
__label__0,主人公だからきっとうまくいくんでしょう
__label__0,てかなんとかなるって思わなきゃ精神崩壊
__label__0,分かりたい　分からない
__label__0,通じ合いたい　通じ合えない
__label__0,異種間でも伝わる予感
__label__0,それは愛だのなんだの　以心伝心
__label__0,実際　これ才能みたい
__label__0,頭ん中　ワンダーランド　ウフッフー！
__label__0,夢なら覚めてほしいだなんてつまらないこと言わないで
__label__0,楽しんだモンが勝ち
__label__0,異世界もわりといい世界
__label__0,ここは来るもの拒まず千客万来
__label__0,案外　気の持ちようみたい
__label__0,どこにいてもパラダイス
__label__0,異世界もわりといい世界
__label__0,ここは来るもの拒まず　千客万来
__label__0,案外　気の持ちようみたい
__label__0,どこにいてもパラダイス
__label__0,世界をおもしろくするのは我々自身だ！
__label__0,さあ　異世界からの招待
__label__0,異世界ここは異世界不思議な出来事が待ってる
__label__0,異世界　まるで夢のようさ
__label__0,君を帰さない　離さない
__label__0,もう元の世界に戻さない禁断のパスポート
__label__0,それは4つの国の物語
__label__0,週に一度集う　異世界かるてっと
__label__0,異世界　ここは異世界ほら危険な旅へ
__label__0,異世界ショータイム有無を言わさず　今日もはじまりの鐘が鳴る
__label__0,何が起こったって変じゃないのは現実だっておんなじさ
__label__0,君を帰さない　離さない
__label__0,異世界　ここは異世界あべこべな時間が呼んでる
__label__0,異世界　だけどそれもいいさ
__label__0,どうせ分からない　謎しかない
__label__0,明日のことなど知る由もない
__label__0,そう出たとこ勝負……だゴラァッ！！
__label__0,すべて神の思し召すとおり
__label__0,運命さえ操られてく　かるてっと
__label__0,異世界　ここは異世界手のひらの上で
__label__0,四の五の言わず　今日も今日とて幕が上がる
__label__0,いっそのこと楽しまないのはもったいない気がするもんさ
__label__0,どうせ分からない　謎しかない
__label__0,有無を言わさず　今日もはじまりの鐘が鳴る
__label__0,何が起こったって変じゃないのは現実だっておんなじさ
__label__0,君を帰さない　離さない
__label__0,傷つかない場所を 探しに行くのか?
__label__0,裏切らない奴を 見つけに行くのか?
__label__0,夢にまで見た 夢を手に入れたか?
__label__0,何にも無い僕は 何でも欲しがる
__label__0,今ココにあるあなたが放つ 光も欲しがる
__label__0,抱きしめられたい 嘘をつきたい
__label__0,わがままばかりのライフ
__label__0,夕焼け小焼けで日が暮れて
__label__0,今空高く飛ばす僕の光
__label__0,しゃがんでキスした あの約束をそうしゃがんでキスした あの約束を
__label__0,ぬくもりに変えて いいだろう?
__label__0,高鳴る指先に あなたはいなかった
__label__0,何にもない僕は 何にも要らない
__label__0,今ココにあるちっぽけな涙 それだけがいい
__label__0,上手くいかないよ 僕たち二人は孤独をごまかす愛撫
__label__0,夕焼け小焼けで日が暮れて
__label__0,今空高く放つ僕の光
__label__0,寂しいだけのあなたの心を満たす事さえできない光
__label__0,夕焼け小焼けで夜が来て
__label__0,そういつかのバス停 夢の香り
__label__0,何度も抱き合うあの夜を今
__label__0,何度も抱き合うあの夢を 思い出に変えて
__label__0,今ココにあるもの 抱きしめて
__label__0,あなたに伝えたいことがあるんだ
__label__0,二人のこれからのために
__label__0,今日ぐらい 気のきいたくだりはさておいて
__label__0,まっすぐ ただありのままを
__label__0,今ここに愛を捧ぐ
__label__0,多少の大袈裟にも目をつむって上手に受け止めてほしい
__label__0,こんなにも 僕を不器用にさせるのは他でもない あなたなのだから
__label__0,今ここに愛を誓う
__label__0,草木も眠るような静かな夜
__label__0,あなたも寄りそって眠っている
__label__0,そのとなりで作った僕の唄
__label__0,朝 目が覚めたら 聞いてくれるかい?
__label__0,見つけるんだ　光を　僕たちの出口を
__label__0,たとえ何が起きてももう二度と投げ出したりなんかしないよ
__label__0,行く当てなく潜る　思考回路の交差点で
__label__0,荷物のない旅が　今日も始まる
__label__0,こんな果てなく続く　巨大迷路の日々の中じゃ
__label__0,答えじみたものは全部　偽の終着点
__label__0,君はどこで泣いてるの？
__label__0,僕らは地球の迷い子だ
__label__0,見つけるんだ　光を　僕たちの出口を
__label__0,潰されそうな心に旗を翻す
__label__0,例えばそう　どんなに彷徨ったとしても足跡は道しるべ
__label__0,もう二度と投げ出したりなんかしないよ
__label__0,失っていくもの　どうしてもすれ違っていくもの
__label__0,ごまかしてたって　きっと　虚しさの永遠ループ
__label__0,君はどこへ向かってるの？
__label__0,僕らの答え合わせだ
__label__0,掲げるんだ　勲章を　僕たちの存在を
__label__0,出会えたものすべてに意味を振りかざす
__label__0,例えばほら　そうやって悲しいさよならも
__label__0,今まで越えてきたそのすべて無駄にしたりなんかしないよ
__label__0,それぞれ　折れ曲がってく道も
__label__0,君住む街へ　どこかで交わり繋がっているのならば
__label__0,この世界の果ては　迷路なんかじゃなくまして独りぼっちなんかじゃない
__label__0,見つけるんだ　光を　一筋の光を
__label__0,君がいない日々でももう立ち止まってなんかはいられないよ
__label__0,見つけるんだ　光を　僕たちの出口を
__label__0,潰されそうな心に旗を翻す
__label__0,例えばそう　どんなに彷徨ったとしても君といた道しるべ
__label__0,もう二度と投げ出したりなんかしないよ
__label__0,世界を救う歌を書こうとしたらうまく書けないことに気づきました
__label__0,どんなに格好つけてみようとしても
__label__0,もうどれも　もうどれも君のためのメロディだ
__label__0,運命の糸が絡まり合って人々を引き裂く時でも
__label__0,響け　世界中の闇の中で僕らがはぐれないように
__label__0,紡ぎ出す旋律は　ただ君を目指して
__label__0,僕は救世主にならなくていい
__label__0,世界を歌う主役より君だけの英雄になりたい
__label__0,見て見ぬフリでやり過ごしてたこと
__label__0,適当な嘘で誤魔化してたこと
__label__0,ヒーローと呼ぶには情けないけど
__label__0,もう二度と　もう二度と君を一人にしないように
__label__0,幾千の五線譜を書き換えて君をほら助けに来たのさ
__label__0,たとえ世界中をまたにかけて君が大ウソをついても
__label__0,バカみたいに君を見守っているから
__label__0,そうやって大丈夫って言うわりには大丈夫じゃないことくらい僕だけはちゃんと気づいてる
__label__0,響け　世界中の闇の中で僕らがはぐれないように
__label__0,紡ぎ出す旋律は　ただ君を目指して
__label__0,僕は救世主にならなくていい
__label__0,世界を歌う主役より君をずっと感じてる君をずっと信じてる
__label__0,君だけの英雄でありたい
__label__0,ほら　もう泣かないで
__label__0,ほら　この手を繋いで
__label__0,ほら　共に戦ってもう一度
__label__0,もう一度ほら　もう泣かないで
__label__0,ここからはじまる笑ったり泣いたり　騒がしい世界が
__label__0,放課後の窓辺誰とも馴染まない君　孤高のエイリアン
__label__0,未来都市　空想都市描いたノートも中間テストの範囲をはみ出した
__label__0,むなしく暮れてく空を仰いで
__label__0,焦がれだしたその手を　差し出そうよ
__label__0,君とせまい世界をせいので飛んで地球を抜け出すエイリアン
__label__0,僕らの星へ帰ろうそんな願いという名の箱舟がこのダンスビートにあるなら
__label__0,君の街まで届けねぇ　エイリアン
__label__0,ホントは気付いてる笑ったり泣いたり　やっぱり羨ましい
__label__0,ご機嫌麗しいね　ミスターナンセンス
__label__0,ヘッドフォンの果てから　迎えに来たよ
__label__0,きっとせまい世界のせいにしてても歌を忘れたカナリア
__label__0,僕らの声は響かない
__label__0,もっと素直なままの本当の君で笑い合う顔が見たいから
__label__0,今日は朝まで踊ろう
__label__0,つながりたい　つながれない
__label__0,誰しもが孤独なるエイリアン
__label__0,君が描く世界の中にも出会うべき人が待っている
__label__0,僕らはもう一人じゃないのさ
__label__0,君とせまい世界をせいので飛んで地球を抜け出す　エイリアン
__label__0,僕らの星へ帰ろうそんな願いという名の箱舟がこのダンスビートにあるなら
__label__0,君の街まで届け　君の心へ届けねぇ　エイリアン
__label__0,Blooming！　君と咲かせた夢のステージさ
__label__0,胸の高鳴りと　鳴り止まない手拍子
__label__0,さあ出番だよってスポットライトが眩しく照らす
__label__0,誰を呼んでいるの？　僕はここに居ていいの？
__label__0,信じられない素敵な景色だよ
__label__0,全然止まらない　ぐっと震え出る感情は
__label__0,言葉になんなくてここまで来たんだって
__label__0,溢れるスマイル　スマイル　スマイル　スマイル　スマイル 
__label__0,Blooming！　君と咲かせた夢のステージさ
__label__0,駆け抜けたんだね　春夏秋冬
__label__0,何年先も枯れることない物語
__label__0,君と束ねて　迎えに行くんだ光の向こうは　Blooming Time
__label__0,ゼロから始まって　いやゼロですらもなくてそれが今や
__label__0,いつの間にかスタンディングオベーション
__label__0,夢が夢じゃないと　どこから気づいてただろう
__label__0,みんなが呼んだ大きな奇跡だよ
__label__0,平気なフリして　ほっとなでおろす
__label__0,緊張になんだか泣いちゃって膝も笑っちゃって
__label__0,Dreaming！　君が与えてくれたシナリオさ
__label__0,今に思えば　必然のカンパニー
__label__0,どんな時も僕らは一人じゃないから
__label__0,みんな揃って　一緒に行くんだ
__label__0,満開の笑顔で　Blooming Time
__label__0,これは永遠という約束さ何回だって咲かせて
__label__0,そのために僕たちは生まれてきたんだから
__label__0,Blooming！　君と咲かせた夢のステージさ
__label__0,駆け抜けたんだね　春夏秋冬
__label__0,何年先も枯れることない物語
__label__0,君と束ねて　迎えに行くんだ光の向こうは　Blooming Time
__label__0,1年前よりも距離のある座り位置
__label__0,ずいぶんめくるめいた物語の着地点　いつかのベンチ
__label__0,考えた挙句の最初の一言はどこかよそよそしくて
__label__0,こらえきれず君が笑う　僕も笑う
__label__0,始めようか二人の恋のエピローグあとがきに似たエピローグ
__label__0,思い出話に花を咲かせよう
__label__0,次の約束なくたって別の道を歩いたって
__label__0,僕の時代が君の中　消えないように
__label__0,そこは危ないよって忠告しといたコーヒー
__label__0,案の定　音を立てて転がればもう大慌て　大騒ぎ
__label__0,相変わらずだ見た目以上そそっかしくて
__label__0,いつも何か事件が起こって二人であたふたする感じさえ
__label__0,分厚くなった脚本に書かれてある1ページ
__label__0,僕の時代はきっとずっと息づいている
__label__0,傷跡だって愛しい
__label__0,この夜に溶けてゆく
__label__0,二人の恋のエピローグ僕にとってはプロローグ
__label__0,思い出話に花を咲かせよう
__label__0,知らない君が増えたって誰かが君を染めたって
__label__0,僕の時代はきっとずっと息づいている息づいている
__label__0,僕が笑っていられたのはただ　君とあいつが特別だったから
__label__0,つないだ手と手と手は輪を描き
__label__0,何も知らない僕は幸せだった
__label__0,電柱横の落書き　偶然見つけたあの日
__label__0,傘で囲まれた二人　確かに見慣れた名前
__label__0,僕も君がそりゃすきだよ
__label__0,だからって　ほら　少し水臭いんじゃない？
__label__0,素直に言ってくれれば僕も僕であきらめがつくのに…
__label__0,僕が笑わなくなったのはただ　君とあいつが特別だったから
__label__0,つないだ手と手と手は揺れ動き
__label__0,一度　置き去りにした幼なじみ
__label__0,運命といういたずら　突然出会う君と夕立
__label__0,傘に包まれた二人　張り詰めた重い空気
__label__0,ねぇ　君は何を求めて強く強く僕を抱きしめるの？
__label__0,あいつの代わりになるのは
__label__0,同じタバコの香りぐらいしかないのに…
__label__0,いつから僕らは恋をおぼえたろう
__label__0,どうして僕らはふたりとひとりになるのかな
__label__0,ねぇ　君は僕を求めて強く強く強く抱きしめるの？
__label__0,あいつの代わりになるのは同じタバコの香りぐらいしかないけど
__label__0,僕もその気になって右手の傘　電柱横に投げた
__label__0,愛とか友情の狭間でもろく　もろく　幼なじみ崩れた
__label__0,ちょっと待って　こっち向いて
__label__0,ファインダーはいつも決まって
__label__0,君じゃないとピンと来ない
__label__0,僕はどうかしちゃったのかい？
__label__0,オトモダチを通り越してすれ違いの恋人未満も
__label__0,それは騒々しい世界
__label__0,気がつけば　まるで虹のようさ
__label__0,季節よ止まれ　君と切り取った時間が
__label__0,写真の中で　あれもこれもそれもどれも輝いてんだよ
__label__0,ねえ君に　君にひとつ伝えときたいんだ
__label__0,もう止まらない　隠しきれない
__label__0,想いがここにあんだよ
__label__0,ベイベー　思い出というフィルムの中へ
__label__0,君が解けてしまう前に　届けたい言葉があんだよ
__label__0,照れ隠しが度を越して
__label__0,ボヤけきった恋のフォーカスも誤魔化してる場合じゃない
__label__0,おざなりな日々は罠のようさ
__label__0,微妙な距離で紡いだ場面が数年後
__label__0,僕らの中で　どんな色をどんな意味を型取ってんだろう
__label__0,いざ君に　君になんて話したらいいんだ
__label__0,きっかけさえ　ままにならない　想いがここにあんだよ
__label__0,ベイベー　友達というレンズを捨てて
__label__0,君と描く今日のすべて　この目に焼き付けたいんだよ
__label__0,はじめまして　特別なLADY
__label__0,今さらすぎて何コレ？
__label__0,ありのままの心って　なんてこそばゆいんでしょう
__label__0,ねえ君に　君にひとつ伝えときたいんだ
__label__0,もう止まらない　隠しきれない想いがここにあんだよ
__label__0,ベイベー　思い出というフィルムの中へ
__label__0,君が解けてしまう前に　届けたい言葉があんだよ
__label__0,いま君に恋してるよ
__label__0 さよならしやすいように　ケンカでもしましょう
__label__0 君はそう言って戯けてる
__label__0 夢を追うためとはいえそれはあまりにも時期を間違えて　突然で
__label__0 季節外れの肌寒い風に　つないだ手を離さないで
__label__0 いつまでも揺るぎのない想いを
__label__0 夜空の道しるべ　あの星に誓おう
__label__0 明日の朝　旅立ってしまっても
__label__0 同じ空の下で　つながっていられるように
__label__0 見上げる夏の星空ベランダにふたつ　並んだサンダル　月の影
__label__0 この街も見納めだね
__label__0 四角で囲んだ　指のキャンパスに　君の息
__label__0 少し震えた声やしぐさに　君の強がり　こぼれる
__label__0 離れてても支え合う強さを夜空の道しるべ　あの星に重ねよう
__label__0 一人で抱え込んだりしないで
__label__0 潰されそうな夜は　すぐ電話してくるんだよ
__label__0 巡りゆく月日や　不安も全部越えて
__label__0 またここで君と笑い合えるから
__label__0 安心して行っておいで
__label__0 僕も負けないように振り向かず歩んで行こう
__label__0 いつまでも揺るぎのない想いを夜空の道しるべ　あの星に誓おう
__label__0 たとえどんなに遠く離れても
__label__0 同じ空の下で　君を守ってゆきたい君を守ってゆきたい
__label__0 真っ白な月が　路地裏を渡る時
__label__0 青い瞳の少女は　目を閉じる
__label__0 願い込めて　明日の世界が笑えるように　笑えるように
__label__0 遠くの国から　太陽を受け取ったから
__label__0 かじかむ窓の鍵を開けましょう
__label__0 ぼんやり並んだ思考回路を光と結ぶ　光と結ぶ
__label__0 おはよう君に会いに　街へ出るよ
__label__0 おはよう世界中に　響きながら
__label__0 ひとひら　風が舞い上がるよ
__label__0 壊れた昨日の傷口に口づけを
__label__0 はにかむ未来に祝福を
__label__0 君は今日も生きているよと朝は注ぐ　光を注ぐ
__label__0 目覚まし代わりの銃声悲劇を嘆く聖歌隊
__label__0 つながってない世界なんてないぞ
__label__0 ともに讃えよう
__label__0 おはよう君に会いに　街へ出るよ
__label__0 おはよう世界中に　響きながらひとひら　風が舞い上がるよ
__label__0 窓辺の雪に　チクタク　古時計
__label__0 ほら今年も街にサンタがやってくる
__label__0 Silent night holy night
__label__0 願いを込めて　あくせく子供部屋落書きのクレヨン
__label__0 パパの名前を書いたママの笑顔も書いた
__label__0 聖なる夜に　一人きりのシルエット
__label__0 その小さな願い　神様に託して
__label__0 夢の中では　とてちて　鼓笛隊
__label__0 遊んでくれるから　ぼく寂しくなんてないよ
__label__0 下の階から　ドタバタ　誰の音？
__label__0 だんだん近づいてパパが顔を出した
__label__0 ケーキの箱が見えた
__label__0 静寂の空　抱きしめ合うシルエット
__label__0 その優しい頬に何もかもあずけて
__label__0 今年も街にサンタがやってくる
__label__0 大切な誰かが誰かを想ってる
__label__0 あなたもきっと誰かのサンタクロース
__label__0 Silent night holy night
__label__0 あっはっはっはっはお待ちかね　紳士と淑女の皆様
__label__0 ワタシの出番かね？　あっはっはっはっは
__label__0 ありとあらゆる芸術のためならば
__label__0 一切合切　妥協は許されない
__label__0 目に映るすべてに息吹を吹き込む
__label__0 この手にかかってしまえば　あっはっはっはっは
__label__0 どれどれ　お任せあれ　詩興が湧いたぞ
__label__0 一節　差し上げよう
__label__0 言葉のモンタージュ注げばデカンタージュ
__label__0 探したいのはコレじゃない
__label__0 見つからない　見つからない君の心が見つからない
__label__0 ひび割れたルーペでは君の心だけが見えない
__label__0 一つまた一つとピースが埋まってく韻律のパズルが　あっはっはっはっはー
__label__0 あれあれなんだこれ　一つ余ったぞ？
__label__0 一体全体　ナニゴトだ
__label__0 空回るパッション　行方知れずエモーション
__label__0 欲しいものはどこにある
__label__0 見当たらない　見当たらない君のカタチが見当たらない
__label__0 日々の中　求めても君が欠けて当てはまらない
__label__0 それは僅かで確かな希望
__label__0 まごころという名前の最後の欠片
__label__0 見つからない　見つからない君の心が見つからない
__label__0 ひび割れたルーペでは君の心だけが見えない
__label__0 見つからない　見つからない君の心が見つからない
__label__0 ひび割れたルーペでは君の心だけが見えない
__label__0 あの子が昨日　なんかすごく優しくて
__label__0 君じゃなきゃダメみたい
__label__0 こちらとしては　そんなつもりないけど
__label__0 君じゃなきゃダメみたい
__label__0 いや　バレてんじゃん　ってか聞こえてんじゃん　それ
__label__0 君じゃなきゃダメみたい
__label__0 頭の中　お花畑だとか少女漫画だとか
__label__0 もう　なんだってどうだっていい
__label__0 そう　今すぐ君に会いたい
__label__0 君に会って確かめてみたい
__label__0 世界のことわり　愛の定義　幸せのカテゴリー
__label__0 まだまだ君を知りたい
__label__0 こんなセリフ　柄でもないけど
__label__0 どんなに格好つけてたって始まりゃしない
__label__0 君じゃなきゃダメみたい
__label__0 今ごろになって気づいたところでさ
__label__0 君じゃなきゃ意味がない
__label__0 明日も家の前　通るわけだけど
__label__0 君じゃなきゃ意味がない
__label__0 いや　分かってんじゃん ってか期待してんじゃん　それ
__label__0 君じゃなきゃ意味がない
__label__0 この際　噂話だとかご近所付き合いだとかもう　なりふり構ってらんない
__label__0 そう　確かに君しかいない
__label__0 君だけにはありのままいたい
__label__0 笑い転げたり　愚痴たれたり　泣きべそ強がったり
__label__0 この世でただ一人みたい
__label__0 自分でも笑っちゃうんですけど
__label__0 他の誰かじゃもう満たされやしない
__label__0 君じゃなきゃ意味がない
__label__0 散々迷って　壁に当たってまるで心は君への迷路
__label__0 考えすぎて　道が分かれて
__label__0 右だ左だ　全部洒落くさい
__label__0 もう　なんだってどうだっていい
__label__0 そう　今すぐ君に会いたい
__label__0 君に会って確かめてみたい
__label__0 世界のことわり　愛の定義　幸せのカテゴリー
__label__0 まだまだ君を知りたい
__label__0 こんなセリフ　柄でもないけど
__label__0 どんなに格好つけてたって始まりゃしない
__label__0 君じゃなきゃダメみたい
__label__0 一体僕はどうやって恋を見つけて 恋愛と呼んだのか
__label__0 疑う午前4時
__label__0 一般的に繊細で 打たれ弱いタチ
__label__0 一旦目が冴えると 眠れないサガ
__label__0 突然鳴り響く電話 君からのコール
__label__0 慌てて飛び出した 月明かりのガレージ
__label__0 そして僕はさびたペダルに つま先と愛を乗せて
__label__0 夜明け前 冷たい街すり抜けて
__label__0 めくるめく恋のシナリオ
__label__0 頭の中をよぎれば凍えそうな胸にも君という花
__label__0 実際君と離れて約2ヶ月
__label__0 シャンプーのたびに 抜け毛が気になる
__label__0 意地やプライドたちはって理屈をたどって
__label__0 僕はどれくらい カッコ悪かったろう
__label__0 そして僕はさびたペダルに つま先と愛を乗せて
__label__0 終わったはずの恋 また追いかけて
__label__0 高鳴る想いとは裏腹 湧き上がる下心
__label__0 もう君という花咲き乱れ
__label__0 そして僕はさびたペダルに つま先と愛を乗せて
__label__0 夜明け前 冷たい街すり抜けて
__label__0 午前4時謎が解けてく ただ素直になるだけで
__label__0 心のスピードも振り切って 最後に選ぶ答え 君という花
__label__0 そうだ　いつも僕を奮い立たせて
__label__0 始まりの合図告げるのは毎回　君がくれるやさしい気持ちとちょっとしたいたずら心
__label__0 今夜も君のために送るメロディ
__label__0 紡ぎながら想像するんだよ
__label__0 君が涙ぐんだり　微笑んだりする顔
__label__0 なんだ　都合のいいことばかり並べながら
__label__0 無理して　背伸びして　何やってたんだろう
__label__0 ただ一つ君のために胸を張ってできることを
__label__0 今　素直な言葉で書き綴ろう　歌おう
__label__0 今夜も君のために送るメロディに
__label__0 明け暮れて想像するんだよ
__label__0 君が涙ぐんだり　微笑んだりする顔
__label__0 右に倣えのモンスター　街を行くNPC
__label__0 世界はいつからこんなに退屈なの？
__label__0 昔あこがれてた　お姫様みたいに王子様　ここから私を救い出して
__label__0 女の子はいつだって　特別でありたい生き物なの
__label__0 檻の中とか問題外
__label__0 あのね　だから聞かせてよ
__label__0 君のヒロインでいるためには　私どうしてたらいいですか？
__label__0 レベル上げたって　装備変えたって
__label__0 たぶん気づいてくれないでしょう？
__label__0 君の気を惹くためのアレやコレ
__label__0 考えうるありとあらゆる呪文
__label__0 何百回何千回ページを捲ってくの
__label__0 私の物語の主役でいてください
__label__0 どうかあなただけは　飲み込まれないで
__label__0 人並み営みに　どうか飲まれないで
__label__0 男の子はいつだって　夢を見てたい生き物じゃないの？
__label__0 言い訳なんか聞きたくない
__label__0 あのね　だから答えてよ
__label__0 君が主人公を諦めたら私どう過ごせばいいですか？
__label__0 どう足掻いたって　どう転んだって
__label__0 シナリオは進まないんだよ
__label__0 君のいるこの世界がすべてで
__label__0 それは大袈裟でもなんでもなくて
__label__0 ただこうやって見てるだけでもいい
__label__0 あなたの物語を止めないでください
__label__0 まるで毎日がRPGみな旅に出かける
__label__0 それぞれの冒険が日常を作る
__label__0 君のヒロインでいるためには　私どうしてたらいいですか？
__label__0 レベル上げたって　装備変えたってたぶん気づいてくれないでしょう？
__label__0 君の気を惹くためのアレやコレ
__label__0 考えうるありとあらゆる呪文
__label__0 何千回何万回ページを捲ってくの
__label__0 だからずっとそばで笑いかけていて
__label__0 私の物語の主役でいてください
__label__0 KIMERO！！100%のチカラで百戦錬磨のキズナで
__label__0 やっと見えてきた夢の舞台
__label__0 さあ　勝利を勝ち取れ　Go Fight！！
__label__0 駆け抜けてきた日々
__label__0 信じ合った心　仲間たちの真ん中
__label__0 音を立てて　脈を打つ情熱も響き渡る歓声に溶けてく
__label__0 ダイヤモンドの空に交差していく想い
__label__0 KIMERO！！100%のチカラで百戦錬磨のキズナで
__label__0 やっと見えてきた夢の舞台
__label__0 もう夢のままじゃ終われない
__label__0 あの日見せた涙も　胸にこみ上げた誓いもすべてはこの一瞬のため
__label__0 さあ　勝利を勝ち取れ　Go Fight！！
__label__0 何かを探して放課後の窓辺
__label__0 すり切れたグローブさ
__label__0 握りしめた　行き場のない挫折さえ
__label__0 包み込むように夕空落ちてく
__label__0 バックネットの裏に落書きした願い
__label__0 KURAE！！百万回の失敗を百万一回の希望を
__label__0 その度　開かれてく未来負けるための努力などない
__label__0 あの頃知った傷も　胸を締めつける記憶も
__label__0 すべてはこの一瞬のため
__label__0 さあ　勝負を仕掛けろ　My Dream！！
__label__0 瞬間　優しい声が　慰めのように頬かすめてく
__label__0 結果だけがすべてじゃない
__label__0 そんなことは分かってるけど
__label__0 人生には一度二度　ここぞという場面がある
__label__0 KIMERO！！100%のチカラで百戦錬磨のキズナで
__label__0 憧れ続けたあの舞台
__label__0 この仲間と駆け上がりたい
__label__0 KIMERO！！100%のチカラで
__label__0 百戦錬磨のキズナで
__label__0 やっと見えてきた夢の舞台
__label__0 もう夢のままじゃ終われない
__label__0 あの日の涙も痛みも誓いもすべてはこの一瞬のため
__label__0 さあ　勝利を勝ち取れ　Go Fight！！
__label__0 カンカン　キンカン　キンカンコン
__label__0 キンカン塗って　また塗って元気に陽気に　キンカンコン
__label__0 キンカン塗って　また塗って明るい暮らしを　キンカンコン
__label__0 当たり前の毎日が　とめどなく流れてく
__label__0 ささいな疲れなんて　誤魔化すように過ぎてゆく
__label__0 営みはまるで　ちょっとした冒険さ
__label__0 その肩こりも　虫さされさえ
__label__0 僕らの今日の証
__label__0 何気ない日常を　支えてるあなたがいる
__label__0 頭を下げてだって　守りたいあなたがいる
__label__0 人はみないつも　一人じゃ生きられない
__label__0 痛み・かゆみが治まる　そこには誰かの優しさがある
__label__0 キンカン塗って　また塗って楽しく愉快に　キンカンコン
__label__0 キンカン塗って　また塗ってあの子もこの子も　キンカンコン
__label__0 グッドタイムコミュニケーション
__label__0 笑って泣いて汗かいて
__label__0 グッドタイムコミュニケーション
__label__0 考え過ぎても始まらない
__label__0 それじゃ　いくぜ　パーリィタイム
__label__0 メンドクサイこと もともと好きじゃない
__label__0 いくつになっても　グダグダ　キリがない
__label__0 でも僕らにゃ何かあるみたい
__label__0 ついて来る来ないは君次第
__label__0 ありのままに　わがままに
__label__0 なんもかんも脱ぎ捨てて
__label__0 考え過ぎても始まらない
__label__0 君と　踊り明かしたい
__label__0 能書き垂れてる奴には構わない
__label__0 今さらだなんて誰にも言わせない
__label__0 思い出バンドにするしない
__label__0 そんなことたぶん僕ら次第
__label__0 ほらふたたび　立ち上がるよ
__label__0 騒いで飲んで散らかして
__label__0 もう一度集まりゃいいじゃない
__label__0 終わらないぜ　パーリィタイム
__label__0 笑って泣いて汗かいて
__label__0 君と僕がいる
__label__0 もうそれでいいだろ？
__label__0 なんもかんも脱ぎ捨てて
__label__0 考え過ぎても始まらない
__label__0 それじゃ　いくぜ　パーリィタイム
__label__0 ビーオーライ　ビーオーライ不安にわめいて
__label__0 泣いて塞いだ心もいつかは
__label__0 大切な人と願いつないだ手と手ですべては
__label__0 わかんない　わかんない
__label__0 何が正解か不正解かなんてこと誰にもわかんない
__label__0 どうしたい　ねぇ　どうしたい
__label__0 今は遠い世界を忘れ　やさしく眠りたい
__label__0 愛を捧げよう捧げよう　夢の中へ
__label__0 僕らは夜を越えて迎えに行こう　迎えに行こう
__label__0 新たな朝を光に満ちたカーテンを開けよう
__label__0 笑って　笑って…
__label__0 頭になんだかんだ溜め込んだ言葉も
__label__0 今夜は　ビーオーライ
__label__0 大切な人と強くつないだ手と手で
__label__0 すべては　ビーオーライ
__label__0 明日を勘違いしそうな三時間のショートスリーパー
__label__0 昨日と今日の境界線を壊すインソムニア
__label__0 だけど大丈夫　ほらもう大丈夫
__label__0 君の寝顔　ビューティフォー
__label__0 君はビューティフォー　君とビューティフォー
__label__0 愛を捧げよう捧げよう　夢の中へ
__label__0 僕らは夜を越えて迎えに行こう　迎えに行こう
__label__0 新たな朝を光に満ちたカーテンを開けよう
__label__0 全力でぶつけよう
__label__0 僕らの日々を　つなげた想いを
__label__0 遠く 夢はずっと遠く
__label__0 遥か胸の奥　追いかけた軌跡
__label__0 届く　君となら届く
__label__0 バカみたいに真っすぐ交わし合った言葉が眩しくて
__label__0 You take me higher！！
__label__0 Gonna be alright！！
__label__0 最高の仲間がそばにいる
__label__0 You make me stronger！！
__label__0 行こう Next stage！！
__label__0 もっともっと　理想へ羽ばたけ
__label__0 全力でぶつけよう僕らの日々を　つなげた想いを
__label__0 自信持っていいんだよその汗も涙も
__label__0 勝利への偉大なStory
__label__0 容赦なく　夢は時に容赦なく
__label__0 ただ成す術なく　敗れ去った軌跡
__label__0 届く　君となら届く
__label__0 嘘みたいに静かな放課後を今でも覚えてる
__label__0 You take me higher！！
__label__0 Gonna be alright！！
__label__0 何も残らなかったわけじゃないY
__label__0 ou make me stronger！！
__label__0 行こうNext stage！！
__label__0 ずっとずっと　未来へ輝け
__label__0 全力で掲げよう僕らの意思を　つなげた誇りを
__label__0 無駄になってないんだよ
__label__0 その傷も痛みも　明日への大いなるGrowly
__label__0 みんなが泣いた　君は隠れて泣いた
__label__0 大人になっても　きっときっと忘れはしないよ
__label__0 いつまでもぶつけよう僕らの日々を
__label__0 つなげた想いを全力でぶつけよう
__label__0 僕らの日々を　つなげた想いを
__label__0 自信持っていいんだよ
__label__0 その汗も涙も　勝利への偉大なStory
__label__0 Grateful Story
,
,
,
,
,
光射す方へ...相変わらずな毎日の中すれ違いも多い今日はほんの少し遠回りして帰ろうか細い路地を抜けたあたり二人で座り込む石畳競い合うように 洒落たセリフ探すは 夜のせいただ君を想う日々がどこまでも続いてく終わりがあるからこそ 美しいなんて他人はよく言うけれど現実的な要素もすべて受け入れようとして何度となく つまずく度に愛を知りながら揺れるともしび 浮かぶ残像夜空に舞った 二つの声描く未来図に寄りそってこのまま 光射す方へただ君を想う日々がどこまでも続いてくどんなにささいな不安や弱さも話してくれるかい?ただ君を想う日々がどこまでも続いてくつないだ指から 今伝わるものはまぎれもない幸せまぎれもない幸せ,
Welcome！Welcome！ジャパリパークみんなで輪になって大冒険(集合～いち、に、さん、よん、ご、ろく、なな、はち)毎日ドンチャン騒いじゃっていいんじゃない(うっは！うっは！うっは！うっは！)飛んで回ってひっくり返って遊んじゃって　ハイ！(ハイ！)け・も・の夢かまぼろしか　その目で確かめようこの広い地図には不思議な新世界(いっせーの)Welcome！Welcome！ジャパリパークみんなで輪になって大冒険過ごした時間が奇跡だって呼び合えるように顔も声も毛並みも　みんなそれぞれだけどそんなの関係ない「け・も・の・だ・も・の」最初から全部上手になんてできっこない(うっは！うっは！うっは！うっは！)はじめから全部知ってるほうがつまんない(ハイ！)け・も・の未知に迷ったら　耳をすましてみよう「知らない」から始まる素敵な巡り会い(にぃせーの)A Wish come！A Wish come！ジャパリパーク願いが叶って大団円最高の笑顔でエンドロールが流れるように影も形も歩幅も　いつもバラバラでいいゴールは逃げたりしない遥かな旅路　君とこっそり手を繋いだならそれが道しるべ　さあ拍手喝采の未来へWelcome！Welcome！ジャパリパークみんなで輪になって大冒険過ごした時間が奇跡だって呼び合えるように顔も声も毛並みも　みんなそれぞれだけどそんなの関係ない「け・も・の・だ・も・の」ヘイ！ヘイ　フレンズ！ Oh We live in ジャパリパークヘイ！ヘイ　フレンズ！ Just believe in ジャパリパークヘイ！ヘイ　フレンズ！ Oh We live in ジャパリパークヘイ！ヘイ　フレンズ！ Just believe in ジャパリパークOh We live in ジャパリパーク！,
変わりゆく街並みちっぽけなこの願いは届かずビルの山に埋もれて取り残された部屋まだ君の香り漂ってまたひとつ並べた愛の残骸思い出を形にして積木遊びいつも涙と一緒に崩れていく愛よ 触れてたいよひとりぼっちは絶え難いよだから愛よあの日の太陽みたく僕を包んでくれよダーリン… ねぇダーリン？相変わらず僕は無気力な毎日送って散らかった着信とコンビニ袋意味もなく　順序もなく書きなぐった文字をたどればいつかの二人の夢愛を語り合った　肌寒い夜何十年経っても 忘れないよあの日の太陽は沈んだけど愛よ触れてたいよ一人ぼっちは絶え難いよだから愛よあの日の太陽みたく僕を包んでくれよダーリン… ねぇダーリン？,
言葉以上に　伝わるように溢れ出す旋律に込めて心と心は繋がると信じた目の前で　こぼれてく夏の蜃気楼夕闇迫る街　立ちすくむ交差点閉ざされた情景の中すれ違う人の群れ　それぞれにひとりぼっちそれって寂しいことだと思わないかい？分かり合えず通り過ぎた恋人や友人もいたけれど歯がゆさだけを残すからもっともっと　近づいてゆきたいんだ言葉以上に伝わるように溢れ出す旋律に込めて心と心は繋がると信じた目の前で　こぼれてく夏の蜃気楼変わり続ける時勢　追いかけるだけの日々時に大切なモノ　見失ってないかい？向き合うことに臆病になってしまう弱い自分もいたけれどその先にある可能性僕は　僕は　やっと気がつきそうだ夜へ向かって　心じらして今　前へ踏み出せるように張り上げた声が目印になるからもう少し　そこにいて　夏のカゲロウ所詮　他人同士　分かち合えないなんて言わないと決めた水平線の遠く向こうにさえこの想い　届かせよう言葉以上に　伝わるように溢れ出す旋律に込めて僕は歌うよ　歌い続けてくよ目の前で　影が伸びたいつまでも　君と見た夏の蜃気楼,
あなたのもとへ　届け愛の唄道なき道を　無我夢中で駆け抜ける　「今」を伝えよう広い部屋の　しけた窓辺の隅の方で今日も切に　ことばさがし紙に落とす　文字と想いは反比例逃げるように　辿る記憶ヨダレたらして笑う朝　指輪投げつけた夜もあったっけ？遠い過去は昨日のよう　思い出の距離感もつかめないやあなたのもとへ　届け愛の唄　道なき道を　無我夢中で駆け抜ける　「今」だから　言葉が心を超えなくとも絶え間なく　揺るぎなく　僕は捧ぐよ　届け愛の唄戸惑い　疑い　その全てを抱えこんで思考回路　行方知れず卑屈な未来をシュミレーションそれ故　妙に優しくなったりなぜに自分を追い込んで　大切なモノ無くそうとしたんだ？あなたのもとへ　届け愛の唄　ただ　一人のために　僕は喉を鳴らし　息を切らす　迷い続けた　この痛みも温かく　柔らかく　そして優しく　つつみこむだろう「NONONO」こんなんじゃ　紙くずにしかならないとゴミ箱に溜まった分の　ありのままを叫ぼうあなたのもとへ　届け愛の唄果て無き道を　まだ二人で歩んでく　なぁそうだろう？言葉が心を超えなくとも絶え間なく　揺るぎなく僕は捧ぐよ　届け愛の唄届け愛の唄,
どんな空を過ごしただろう無邪気にはしゃぎながら交差点を過ぎる頃にはどんな空だっただろう凍えそうな空気ひと気のない夜の波止場でうつ向いたままじゃいられないから...僕らは皆 叫びだした冬の風にセミの声波打つ舟 光りのすじたち眠れる言葉を探すあの角を曲がった場所にはバスケットコートがある広場タイムパーキングに変われどバスケットコートがあった広場生意気な夢はため息交じり胸の奥で消えゆくのでしょうあなたが今 いないように僕らはそう 例えるなら冬の風にセミの声波打つ舟 光りのすじたち眠れる言葉を探す僕らは皆 叫びだした冬の風にセミの声波打つ舟 光りのすじたち眠れる言葉を探す今は眠ろう 今は帰ろう土の中で春を待とう今は眠ろう 今は帰ろうコモリウタだけ残して...,
今日という歯車がまた音を立て動きだした朝もや煙る街都会の片隅僕は追われるようにチャンネルを変えている見たい話題だけをただよりすぐりながらカメラが捉えた場面に心のピントが合わない他人事じゃない事くらい分かってはいるけどやり過ごしてしまう暮らしの中の何かに埋もれてしまうたとえそれが世界の歪みでも愛情か同情か本気か売名行為か気持ちの受け皿ってホント難しいもんだヘタに手を出せない現実結局「何もしない」という選択肢仕方ないよ　間違っちゃいないよでも張り裂けそうだよ大切にしよう胸をわしづかむこのわだかまりをいつかちゃんと話せる日が来るまできっと五年後十年後に待ち受ける答え合わせ今日という歯車がどんだけ大事だったか思い知るんだろう繋がっていたいやるべきことは山のようにあるけど僕らしく生きていくヒントもありそうだよ繋がっていたい今僕を取り巻くあらゆるものとここにいるワケを　ここにいる証を探して行こう探して行こう,
嗚呼　気が付けば過ぎてく当たり前のような暮らし「幸せ」は時々　大切なものを隠す嗚呼　この旅の途中で　あと何度だけ心揺らす場面に　出会えるんだろう願う心は　ただ一つだけかけがえのない　今を駆け抜けていたい高鳴る鼓動　よろこびの声掴み取った追い風この先にある　名もなき日々へ想いは　想いは　募っていく嗚呼　とは言えど現実は　甘えと妥協の迷路七転び八起きの　連続と錯覚同じ事の繰り返しだなんて悩むけどたぶん僕はもう知っている今日の迷いは　明日の灯火理想へのコンパス描く未来と　今いる場所をそうだ　もっと　重ね合わせよう昨日より　自分らしく昨日より　少しでも前へ高鳴る鼓動　よろこびの声掴み取った追い風この先にある　名もなき日々へ負けんな　負けんなって　今を繋ぐ,
はじまる　ゴクドルミュージック君の心臓(ハート)を撃ち抜きたいのはじまる　ゴクドルミュージック不意打ちに気をつけて犯人(ホシ)たちが騒ぎ出す　サタデーナイトあの人は正気の沙汰でないいつもハラハラ　頭クラクラなのに　あれあれ？なぜなぜ？　刺激が欲しいのすごくすっごくゴクドルズ！わたし女の子なんだもん覗いちゃいけない秘密のひとつ　ふたつ　みっつくらいは許してほしいのよあのね　これ以上はダメなの踏み越えられない境界線アナタ馬鹿ね　好きなヒトね「仁義切らせていただきます！」はじまる　ゴクドルミュージックいつもそばに感じていたいのはじまる　ゴクドルミュージック盃だけ交わして涙のゴクドルバックステージ裏の顔は見せちゃいけないの涙のゴクドルバックステージいつも笑顔でいさせて漢気を貫いて　ホーミータイト惚れ込んだのは　わたしの方みたい胸がドキドキ　心タジタジ変ね　あれあれ？なぜなぜ？　動悸がすごいの焦がれあこがれゴクドルズ！だって女の子なんだもん人には言えない恋路のひとつ　ふたつ　みっつあってもおかしくはないでしょ？あのね　この出会いはなんなの運命と呼んでいいのならアナタ以外何もいらない「契り交わしていただきます！」父さん　母さん　わたし知ってしまいました父さん　母さん　これが『愛』というのねえ　これが『愛』というの！わたし女の子なんだもん覗いちゃいけない秘密のひとつ　ふたつ　みっつくらいは許してほしいのよあのね　これ以上はダメなの踏み越えられない境界線アナタ馬鹿ね　好きなヒトね「仁義切らせていただきます！」はじまる　ゴクドルミュージックいつもそばに感じていたいのはじまる　ゴクドルミュージック盃だけ交わしてパーリラパリラパリラ　ハイハイ！飲み干して　ゴクドルミュージックパーリラパリラパリラ　ハイハイ！ゴクゴク　ゴクドルミュージックパーリラパリラパリラ　ハイハイ！永遠の誓いよ　ミュージックパーリラパリラパリラ　ハイハイ！ゴクゴク　ゴクドルミュージック,
目一杯　空に背伸びした教室の木漏れ日の窓際終わりのチャイム　スタートの合図よういどんで駆け出したグラウンドにはもう君がいてどんな裏技だよって笑って誰が一番なんてこと大げさに競い合った嗚呼　青い春のシルエット　包み込むように季節が大人に変わっても忘れるわけがないだろう君と過ごした燃えるような黄金の日々をあの放課後は続いてく街に暮れゆく太陽暗くなるまで追いかけた夢は今でも色褪せたりしないよなりふり構わずに飛び出した教室に忘れ物などないだけどひとつ　ただひとつたまに胸をよぎるよ嗚呼　ちくり刺さるリグレット　振り払うように僕らはどこまで行くんだろう終わらせたりしないよ我を忘れてとめどなく流した涙も勲章だと思ってるまるで沈まぬ太陽あの日響いたチャイムから放課後は今もずっとここにあるよゴールがどこなんて　全然わからないけれど僕らの物語は繋がってる　繋がってる忘れるわけがないだろう君と過ごした燃えるような黄金の日々をあの放課後は続いてく街に暮れゆく太陽暗くなるまで追いかけた夢の中から君が笑いかけるよ,
さよなら、もう行かなくちゃさよなら、もう行かなくちゃ日々は流れ　次の場所へありがと、なんて言えないまだ大切な人連なってゆく　いつかの愛しい影二人見ていた　物語この街にひとつ夕日浴びて　輝いた夢の続き僕は一人　記憶のピース拾い集めるんだ川沿いの並木道　昨日と同じ風振り向いて　探しても明日のキミは見つからない桜よ今、舞い上がれきっとキミも泣いてるかなひらひら舞う未来思い出にして　消えないように10年後のキミ　少しだけ想像してみる相変わらずの高い声また会えたらいいな滲んだ目　にぎった手キミを守りたかった人は出会い　そして別れ何を探してゆくんだ?桜よ今、舞い上がれきっとキミも泣いてるかなひらひら舞う未来思い出にして　連れてゆこうさよなら、もう行かなくちゃ日々は流れ　次の場所へありがと、なんて言わないでも大切な人,
落ちるとこまで落ちて物語見あきた夢の続きはどこかににぎわう人の群れに皮肉をこめる海辺では愛が行ったり来たりこれじゃまるでただの独り善(よ)がり憂鬱な　午後の風にたたずむ　砂浜目の前よぎるものはうらやむことばかりなんてセンチなリズム刻んで　波の音見つめ合って　ピニャコラーダ夏の恋は気まぐれ　まぐれ故に愛を求めた　僕は一人浮かぶ太陽はメラメラあられもない水着姿麦わらのあの娘(こ)へ　涙ほろり時に愛の試練はつきもの運命の神は粋(いき)なくせもの浮かれた人の群れに怒りを覚え流れだす月日はダムのごとく見失うあの日は脱兎(だっと)のごとく矢となり　槍となって過ぎゆく　砂浜夏よせめてもう一度お目にかかれないかなんてセンチなリズム刻んで波の音飲み明かして　ピニャコラーダ夏の恋はバラバラ　まばらわざとらしい季節の夜に燃えた目の前には海原汚(けが)れもなく　濡(ぬ)れた瞳麦わらのあの娘へ　はせる思い浮かぶ太陽のカタワラ身もふたもないままで　ほら別の愛を求めて　ふらりふらり見つめ合って　ピニャコラーダ夏の恋は気まぐれ　まぐれ故に愛を求めた　僕は一人浮かぶ太陽はメラメラあられもない水着姿麦わらのあの娘へ　はせる思いふらりふらり　涙ほろり,
君はなんて呼ぶのかな描き続ける　この夢のことはにかんだ顔が　浮かんでくる…ねぇ　君はなんて呼ぶのかなどんな風が吹いたかな　坂を上りきった海の島へ麦わら飛ばして　夏を運ぶ君は急な坂道を　無重力を捕まえ駆け下りる宇宙飛行士になる　夢を見てる夢を見てる　夢を見てる　夢を見てる嗚呼　いつまでも　嗚呼　いつまでも僕らがまだ子供だった頃　叶わない夢などないと信じてた埋まらない地図を広げながら　セカイを築き上げたんだかたやここはビルの群れ　路地裏　蒸し返す夏の影ぶつかる人ごみ　僕はひとり歩いてゆこう　歩いてゆこう　歩いてゆこう嗚呼　どこまでも　嗚呼　どこまでも僕らが生まれたあの街では　ひたすら無邪気なままでいられた井の中の蛙は海を知らず　ただただ空　見上げたんだ胸の奥から　蛙が鳴くよあの日の憧れ　ここにいるよと僕らがまだ子供だった頃　叶わない夢などないと信じてた埋まらない地図を広げながら　セカイを築き上げたんだ僕らがまだ子供だった頃　そうさ輝く時代の中にいたたとえどこにいても　いくつになっても　僕は空の青さを知るされど空の青さを知る…ねぇ　君はなんて呼ぶのかな,
-Ladies & Gentlemen Boys & Girls！The Show Must Go On！-MANKAIカンパニー　MANKAIカンパニー春(Spring！)僕の心にある(Spring！)つぼみが今花開く　君と描く満開の未来夏(Summer！)夢の舞台に立つ(Summer！)すこし派手に転んでも　つまずいてもいつも傍に　MANKAIカンパニー秋(Autumn！)実りの季節　秋(Autumn！)見つけ出したいのはそう　君と描く本当の自分秋(Autumn！)それぞれ夢抱き(Autumn！)聞こえて来た呼び声　それは運命見上げればそこに　MANKAIカンパニー笑いたい　笑いたい仲間とともに咲かせたい　咲かせたい夢のステージを「The Show Must Go On！」どんな場面も　どんな涙も幕が開けば　The Show Must Go On！君とつなげる物語何度でもページをめくるよさあ　僕らの出番さThe Show Must Go On！The Show Must Go On！The Show Must Go On！冬(Winter！)静かに包み込む(Winter！)そんな銀の世界に　隠しきれない躍動の想い冬(Winter！)凛として夢舞う(Winter！)かじかむ寒い朝も　白い息も温めるように　MANKAIカンパニー祈りたい　祈りたい願いとともに過ごしたい　過ごしたい君と季節を「The Show Must Go On！」何が起きても　何もなくても時計の針は　The Show Must Go On！特別なシナリオばかりさあ　僕ら見つけていこうよ「The Show Must Go On！」MANKAIカンパニー　MANKAIカンパニーどんな場面も　どんな涙も幕が開けば　The Show Must Go On！君とつなげる物語何度でもページをめくるよさあ　僕らの　出番さThe Show Must Go On！The Show Must Go On！The Show Must Go On！The Show Must Go On！The Show Must Go On！The Show Must Go On！The Show Must Go On！The Show Must Go On！,
しあわせの文字をたどればそこには君の影愛しくて せつなくて　また歌にする味気ない毎日の中　足元とらわれてちっとも前に進めないや今さら どんな言葉たちが君に届くのだろう過ぎ去りし日々にただ むなしくこだまする想いもう戻れない　でも忘れない僕らが笑っていた頃その香りも そのしぐさもすべてが僕の中で揺れている街中が静まる夜更けに迷い込んだプライド掴んだ手にも力はなく見上げた窓からこぼれた光が滲む夜は星屑さえも逃げるとにかくじっと朝を待ったもう戻れない　でも忘れない僕らが笑っていた頃その涙の あたたかさもすべてを抱えながら 歌うんだよもう戻れない　でも忘れない僕らが笑っていた頃その香りも そのしぐさもすべてが僕の中でもう戻れない　でも忘れない僕らが笑っていた頃その涙の あたたかさもすべてを捧げながら 歌うんだよ歌うんだよ,
坂道を下りあの場所へ思い出だらけのあの場所へされど時代は刻々と流れ落ち二人で飛ばした　しゃぼん玉は消えてたあなたの写真とにらめっこした後ゴミ箱に捨てたそれでも捨てきれない想いが頭をよぎるから思い出を片付けよう歌にして片付けよう思い出を片付けよう歌にして片付けようそう　泣いてなんかはいられない泣いてなんかはいられない精一杯背びをしなくちゃいけないコトもあるさ階段を登りあの場所へ一人になりたくてよく来たあの場所へ例え時代が刻々と流れても僕が新たに　しゃぼん玉を飛ばそうそしていつの間にか灰色に変わったお互いの想い二人は遠ざかってゆくこれが一番　自然だよね愛を探しに出掛けよう愛する人のもとへ愛を探しに出掛けよう愛せる人のもとへきっと　見つかるさあの人が見つかるさあの人が今後ろ姿しか見えないけれど,
どこまで君は僕を試すの黒い瞳は何を見るのそんな言葉 聞きたくもないし大体そもそも期待してないところで今この時間ってなんなの時計の針は　チキチキタクタク　チキチキタクタク数えてみてもラチあかないしすべてがすべて終わりなら仕方がないでしょう気にしないで　僕たちは元々他人同士運命の二人なんて　そんなのあるわけないし泣いて笑って　まるでおとぎ話繋がっていたあの日は真っ白で遠いなんですれ違うの？ 僕らのドラマ現に現実は小説よりもドラマそっと音もなく消えゆく宿命(さだめ)ならばいっそ悲しい歌になれ　愛の轍吐き捨てるような台詞はどれもガラス細工のフィクションばかり芝居染みた態度をされても喧嘩くらいで嫌いになれるわけないでしょう忘れないで　僕たちはいつも似た者同士運命の二人だって　弄んだ者同士愛の出口なんて　ただの別れ話どうあがいてったってあの日は　夢のごとし一切そんな素振りもない嘘だろ？夢だろ？ 世界が怖いこのままじゃきっとろくに立ち直れやしない　僕を横目に「ダメだね」って頬をつねってそこで開き直る君はとても　ビューティーフォー！ほら　みるみるうちに愛のどうのこうの迷い込んでゆくの気にしないで　僕たちは元々他人同士運命の二人なんて　そんなのあるわけないし泣いて笑って　まるでおとぎ話繋がっていたあの日は真っ白で遠いなんですれ違うの？ 僕らのドラマ現に現実は小説よりもドラマそっと音もなく消えゆく宿命(さだめ)ならばいっそ悲しい歌になれ　愛の轍,
ほら　二つの秒針が折り重り合えば　シンガロンまだ名もなき未来へと行こう君と進化論人類に問うヒトの進化とはコレなんぞや我々の時間の経過に優劣があるのかいねえ正直なんかピンと来てないそんなことよりいつも君とドキドキしたいな　冒険したいな(チクタクチクタク)世界中で進んでいる　どんな時計の針より君と生きてく今日の日は　なんて特別なんでしょうほら　二つの秒針が折り重なり合えば　シンガロンまだ名もなき未来へと行こう君と進化論全君に告ぐなんで退屈そうな顔してる流れ行く時間の経過にどうか飲まれないでもうなんだかじっとしてられない現状維持に縛られてもいいわけないじゃん　冒険したいじゃん(チクタクチクタク)地球上に存在する　どんな宝の地図より君と見つける毎日に　ときめく胸はなぜでしょうほら　二つのコンパスが指し示す方へ　シンガロンまだ手付かずの明日に声を重ねて進化論世界が変わるより早く君と駆け抜けていたいな瞬きの最先端を陣取って笑い合って(チクタクチクタク)世界中で進んでいる　どんな時計の針より君と生きてく今日の日は　なんて特別なんでしょうほら　二つの秒針が折り重なり合えば　シンガロンまだ名もなき未来へと行こう君と進化論ララララ　重なれシンガロンララララ　歌えば進化論ララララ　重なれシンガロンララララ　歌えば進化論ほら　重なれシンガロン,
こちらの世界へようこそ君もだんだんクセになるそれは宙を舞うミラクルシューズ君もだんだんクセになるリズムに乗せた黄金航路へ進め　ホップ&ステップ&Jump!!日ごろロックロックばかりのあの子も聴けば　だんだんクセになる恥ずかしがりの彼氏も聴けば　だんだんクセになる四の五の言わず　ノーミュージックノーライフプレイボタンをスイッチオンハーレールーヤ急ごうや　マジカルミュージックツアー荷物はいらないヘッドフォンで逢いましょう遊ぼうや　僕らのミュージックツアー空飛ぶパラダイスやってらんない世の中を　いっせいので　Jump!!難しい顔のディレクター君もだんだんクセになるふんぞり返るプロデューサー君もだんだんクセになる大人たちが操るマリオネットの糸を切れハーレールーヤ急ごうや　マジカルミュージックツアー迷うことはないなんか冴えない一日を　いっせいので　Jump!!急ごうや　マジカルミュージックツアー荷物はいらないヘッドフォンで逢いましょう遊ぼうや　僕らのミュージックツアー空飛ぶパラダイスやってらんない世の中を　いっせいので　Jump!!さあ君も　Jump!!,
咲き誇れ　純情可憐書店屋ガールUh-oh Uh-ohシャイな見た目　控えめなBody君はオトメ　今日も漫画の海へ飛び込んで　入れ込んで　想像の中へ夢があっていいじゃない君の世界さ　ベイベーはしゃぎ回れ　心のままに無我夢中でいいじゃないでもひとつ忘れないで大切なことを君はビューティフォーとてもビューティフォーキライキライキライキライキライって　鏡見てても愛はここよ気づいてビューティフォー君はビューティフォー毎度毎度　君への想いが空回りするだけビューティフォーかたやクラスの女子はファッション誌広げて　お買い物計画Uh-oh Uh-oh愛想笑って　ちんぷんかんぷんボタニカルのワンピース？足元はエスパドリーユ？サロペット？ジレ？デニムつなぎはオールインワン気にしなくていいじゃない君の自由さ　レイデー財布のヒモは好きなモノのために焦らなくていいじゃない無理に歳をとらないで思い描いた未来へ君はビューティフォーすでにビューティフォー毎度毎度　情熱のかけ方が少し不器用なだけビューティフォー君はビューティフォーとてもビューティフォーキレイキレイキレイキレイって　鏡見るのは大体　悪い魔法使いよ気づいてビューティフォー君はビューティフォー毎度毎度　君への想いが空回りするだけビューティフォー,
せめてどこか遠く　連れ去ってしまいたい…照らせば　バイパスまさに　わかれ道午前0時のサイドシート突然幕切れどうゆう神経してんだ?ぐうの音も出やしない刺さるような沈黙味気ない時間だけが流れてく喉元　詰まる言葉膝からアクセルを踏むさよならのすぐそばで綺麗になってゆく君はもう二度と触れられない　時の中へ気まぐれにレディオからはスペシャルナンバー二人の愛を呼んだ　あの日のメロディせめてどこか遠く　連れ去ってしまいたい…突き付けられた重荷だ　現実だ気持ちだけでは超えられない壁があるらしい都合のいい口実だむせび泣くタコメーター明日の今ごろはきっと他の誰かと愛や　恋を…考えりゃキリがない戸惑うほどの想いなんだ信じられないくらいに　失いたくない気まぐれにレディオからは　スペシャルナンバー途切れた愛にそっと　寄り添うメロディせめてどこか遠く　連れ去ってしまいたい…さよならのすぐそばで綺麗になってゆく君はもう二度と触れられない　時の中へ気まぐれにレディオからはスペシャルナンバー二人の愛を呼んだ　あの日のメロディいっそコナゴナにして　すべてゼロにしたい…,
呼ばれて　飛び出してジャッジャッジャジャジャーン冴えない夜でも　イッツオーライ何にもいらないよ　集まれ　ワッショイ今から始まる　イッツショータイムブラウザの中で恋しましょう退屈にキック　孤独にパンチ(でも直に会うのは火事の元)大丈夫　とりあえず次の枠で会おうよ　ベイベー上り100Mbpsの君のスーパーヒーロー夜空を飛び越えながらまさに光の速さで　街を通り抜ければそこに広がった君への滑走路　3・2・1で呼ばれて　飛び出してジャッジャッジャジャジャーン大体のことは　イッツオーケイでもマスクを取るのは　ノー！ストップ！クリックひとつで　いざ招待恨みっこはなしよ　恋しましょう涙のBAN　運営にアンパーンチ！(ヘコたれないのがたまに傷)心配ない　とりあえず僕の顔をお食べよ　ベイベー下り100Mbpsの君の救難信号闇夜に飲まれる前に差し伸べられた手のひら　君を救いに行くんだあの日あこがれた正義の味方に　自分を重ねたりして普段はしがない営業マンされどその正体は(とう！)上り100Mbpsの　君のスーパーヒーロー夜空を飛び越えながらまさに光の速さで　街を通り抜ければそこに広がった君への滑走路　3・2・1で呼ばれて　飛び出してジャッジャッジャジャジャーン(もう一回！)今宵も延長枠ジャッジャッジャジャジャーン,
ライドオン！迫る悪に鉄槌を聞こえるだろう　あの子の S.O.S「走れレオ！」「飛び立てイーグル！」とかなんとか言っちゃってるけども　実際痛いのは無理　めんどくさいのはヤダ平気なフリしてマジちびりそうさってちょちょっと待ってよ　ベイベーコレって現実なの！？小さい頃　頭ん中で思い描いたあの主人公に　君もライドオン！(Foo！)　ライドオン！(Yeah！)キズナで合体！世界が君を必要とする時が来たんだ　ヒーローほら二人で確かめよう　もうなんでもできちゃう　このエナジーをアースグランナー　地球を救う準備はどんなだい？新たな夢の時代へ　さあ君の番だぜライドオン！ライドオン！君もそう　ライドオン！ライドオン！ライドオン！ライドオン！君もそう　ライドオン！ライドオン！ライドオン！自由自在ハンドルを握ればそう　戦いのナビゲーション「そこを右！そこ左！」ってなんとかなっちゃってるけども　毎回この声って何？　っていうかそもそも誰？頭の中で急にしゃべらないでどうにかなっちゃうよ　ベイベーコレってどうなってんの！？大人になっても自慢できる物語を見よう見まねでもいい　君もピットイン！(Foo！)　シフトチェンジ！(Yeah！)キズナで変身！世界で一人　君がやらなきゃ誰がやるんだ　ヒーローほらその手で切り開こう　大切な人を守る未来をアースグランナー　地球の危機に迷う暇などないいつもの調子で笑って　さあ顔を上げてよ　ヒーロー顔を上げてよ　ヒーロー(キズナレベル上昇中！　キズナレベル上昇中！)世界が君を必要とする時が来たんだ　ヒーローほら二人で確かめよう　もうなんでもできちゃう　このエナジーをアースグランナー　地球を救う準備はどんなだい？新たな夢の時代へ　(キズナ合体！)いつもの調子で笑って　さあ君の番だぜライドオン！ライドオン！君もそう　ライドオン！ライドオン！ライドオン！ライドオン！君もそう　ライドオン！ライドオン！,
最近全然眠れない最近ろくに食べてない最近まるで気が気じゃない僕が僕じゃないみたいだぜんぶ君のせいだ　僕の日常を返せこいつ馴れ馴れしいな距離感がおかしいな鼻につく態度も　恋愛警報こりゃめでたいや　心が忙しいや目の前はぐるぐるメリーゴーラウンドあーもうじれったいいや認めない　絶対これが「恋」なんて最近全然眠れない最近ろくに食べてない最近まるで気が気じゃない僕が僕じゃないみたいだぜんぶ君のせいだ　僕の日常を返せあらら　わりぃなこりゃかたじけないなたまに見せる優しさが　あーもう鳴り止まないや　心臓がおかしいやもしかしてコレ僕死んじゃうの？ねえ　もう一体これはなんていう病？嘘だ！「恋」なんて案外いい奴なんじゃない？案外スタイルも悪くない案外綺麗かもしれない君が君じゃないみたいだぜんぶ夢のようだ　僕のゲンジツはどこへだんだん惹かれてく君にだんだん僕は惹かれてくだんだん惹かれてくでもなんか腑に落ちないだんだん惹かれてく君にだんだん僕は惹かれてくだんだん惹かれてく Ah……最近全然眠れない最近ろくに食べてない最近まるで気が気じゃない僕が僕じゃないみたいだぜんぶ君のせいだ　僕の日常を返せ案外いい奴なんじゃない？案外スタイルも悪くない案外綺麗かもしれない……なんてこったぜんぶぜんぶ君さ　僕の日常を返せ,
あの人は　君を困らせるあの人は　君を傷つけるでも人は　それでも人は美しいほら　ほらね　君は覚えてるほら　ほらね　君は気づいてる喜びや　ぬくもりもまたあの人がくれたストーリーまわれ　まわれ　夢見るシンデレラ夜空を越えて登る　らせん階段涙を拭いて　顔を上げた時世界は君に恋をする君以外　誰がいるのです君だけに　そよぐ物語悲しみにつまずいてもなお君はそう　主役なのですねむれ　ねむれ　夢見るシンデレラ次の朝へと続く　らせん階段涙も涸れて　目を覚ました時世界が君と踊りだす急いでおくれ　シンデレラ世界は闇を抜けて　君のもとへ塞いでないで　シンデレラみんなが待ち焦がれて　光のもとへまわれ　まわれ　夢見るシンデレラ夜空を越えて登る　らせん階段涙を拭いて　顔を上げた時世界は君に恋をする世界は君に恋をする,
イケナイ　意味ない　キリないあの子に会いたい言葉が絡まって絡まって　また謎めいてゆく触れたい　泣きたい　抱きたい二人育てた部屋で一人きりひとしきり　また空回り　ただ今でもダンス　ダンス　ダンス胸には恋　恋　恋心は言う　言う　言うなぜにお前はむせぶその愛を止めないで描かれた夢の中へその愛を止めないで駆け抜ける人よイケナイ　意味ない　幼気ないささくれ立つ言葉を一握り引きこもり　ないものねだり　ただ部屋着はタンス　タンス　タンスコスメは洗面台心はyou you youなぜにお前は迷うその愛を止めないで溢れたら　それは涙その愛を止めないでいつか花となれ優しさに隠れて　本音裏腹現実はいつでも　嘆く傷負いその愛に冷めないでどこまでも夢の中へその愛に冷めないで駆け抜ける人よでも愛は儚いぜ描かれた夢の中へでも愛は儚いぜ駆け抜ける人よいつか花となれ,
夢見る心はスイートこの世界はまるでファンタジーさあ始めよう僕らの物語が　いま待ってる夢見る心はスイートこの世界はまるでファンタジーさあ始めよう僕らの冒険が待ってるメイビーメイビー　まだ知らないWait！ Wait！ Wait！ Wait！ まだこんなの見たことない僕といれば　すべてが冒険さビバ！ ソングライター！アイヴ・ガット・ア・ストーリー　ウィヴ・ガット・ア・ストーリーほら　二人はまたたく間に　不思議な世界へ落ちてくアイ・アム・ライター　ソングライターいま　やっと巡り会えたあなたと共に書き下ろそう　この1ページラララララ　ラララララララララビバ！ ソングライト！人のココロ動かすテクノロジーギター1本でSoエコロジーあなた以外　他になにもいらないビバ！ ソングライター！アイヴ・ガット・ア・ストーリー　ウィヴ・ガット・ア・ストーリーほら　すべて思い通り　魔法のように空を飛んでくアイ・アム・ライター　ソングライターいま　目の前が開けたあなたと行けば　なんだってできそうだよあれ？なんで？肩を落とした現実たちもいまじゃ　ずいぶん遠く胸の奥アイヴ・ガット・ア・ストーリー　ウィヴ・ガット・ア・ストーリーほら 二人はまたたく間に　不思議な世界へ落ちてくアイ・アム・ライター　ソングライターいま　やっと巡り会えたあなたと共に書き下ろそう　この1ページラララララ　ラララララララララビバ！ ソングライター！,
会いたいな　会いたいなタイムマシーン落ちてないかな約束の未来からもう一度　君に会いたいな知りたいな　知りたいなアインシュタインはどこかなあの日見た　ふいに見せた涙の意味を知りたいな幾何学的に暮れる今日をまた逆さまに覗き込む確かめたいんだよ　思い出はイエロー君はだんだん色褪せて遠ざかってく淡い記憶の糸を辿れば僕らの夢のつづきが弾けてく高らかに飛ベ　高らかに飛ベうまくいくこともあるしうまくいかないこともあるけどこの街の片隅で案外　元気でやってるよ不可逆式の時間の上を人はそれぞれ歩いてく行くしかないんだよ　嵐が吹いても後悔がないなんて嘘になるけどでも「間違い」にはしない　君のいない世界胸を張って笑えるようになる今が　僕の答えさあの時　声をかけてくれて　サンキュー笑顔のままいてくれて　サンキューそっと背中押してくれて　サンキュー数えきれない　数えきれないよ不器用なお守りも　サンキューずっとそばにいてくれて　サンキューわがままばっかり聞いてくれて　サンキュー約束しただろう?ほらまた数年後　誓いがだんだん色褪せてしまう前に確かめたいんだよ　思い出はイエロー僕らの夢の続きが弾けてく高らかに飛べ　高らかに飛ベ,
緩んだ靴紐も　気にしないで慌ててまたがった茶色のシート街灯の白いアーチ灯る前に滑り込んだ都会はメリーゴーラウンド立ち並ぶビルの迷路通り雨にもめげず　会いに行く僕だけが知ってるルートあの道をするり抜けてたそがれスターライト風切っていこう夜のにじむ茜空へとたそがれスターライトはりきっていこうあきれるほど　純情の先へレッツ ドライブ曖昧に信号の青 切り替って急ブレーキとため息の交差点最新のツナギ着て　恥ずかしいな嗚呼　口笛　吹いてやり過ごそうか呼び出しのメール　ちらり写る得意料理　冷めないうち寂しがり屋の君のためらいを真に受けて気まぐれトワイライト追い越して行こう夜の影に捕まる前に気まぐれトワイライトはにかんでいこうはやる気持ちアクセル絞ってレッツ ドライブたそがれスターライトくぐって行こう夜の影に飲まれそうでもたそがれスターライトはりきっていこうあきれるほど　純情の先へたそがれスターライト風切って行こうたそがれスターライトはりきっていこう曲がり角のキミの家までレッツ ドライブレッツ ドライブ,
とれかけた　パーマをリセットおめかしして　久々のお出掛け一応努力はしたのもも冴えわたる　彼女のダメだし「何ソレ？カワイくない。センスないんじゃない？創造力ない。一緒にいてつまんない。」Ya-Ya Ya Ya-Ya跳ね飛ばせ　そんなことYa-Ya Ya Ya-Ya旋風を巻き起こせ　ヘイ　ブラザーたまったストレス　お風呂でリセット今日も一日　お茶くみ係オフィスレディの定番だけどエスカレートする課長のセクハラ「まゆみちゃん、今晩どぅ？飲みに行かない？夜景のキレイな　ラブホ見つけたんだ。」Ya-Ya Ya Ya-Yaどんなつむじ風吹いてもYa-Ya Ya Ya-Ya立ち上がれ　立ち向かえ　ヘイ　シスターYa-Ya Ya Ya-Ya張り倒せ　そんなことYa-Ya Ya Ya-Yaハイッ　グッと行けブラザー＆シスターYa-Ya Ya Ya-Ya跳ね飛ばせ　そんなことYa-Ya Ya Ya-Ya旋風を巻き起こせ　Let's Go！Ya-Ya Ya Ya-Yaどんなつむじ風吹いてもYa-Ya Ya Ya-Ya竜巻で立ち向かえWe are tornado！,
懐かしくなってもう一度解(ほど)けた日々を　なぞり返した夜の淵最後に交わした優しい二人の嘘は罪と呼ぶべきでしょうかさよなら　また会う日まで手を振るこの場所を頼りに必ず巡り会おう人は誰もがきっと旅人長い道の途中で　出会ったり別れたり繰り返しながらだけど街は君を待ってる　君の帰りを待ってるたとえ世界がそっぽ向いてももう二度と会えないような顔した君を両手で抱き寄せたあの日何も言わずに黙って見送ったそれを「愛」と言えば楽になるでしょうかさよなら　涙の跡もこの街で過ごした幸せの証だと笑おう人の心は夢追い人今は道の途中で　過ちや躓(つまず)きを時に知るけれどいつも僕はここで待ってる　どんな君でも待ってるたとえ世界に何が起きても人は誰もがきっと旅人長い道の途中で　出会ったり別れたり繰り返しながらだけど街は君を待ってる　君の帰りを待ってるたとえ世界がそっぽ向いてもたとえ世界がそっぽ向いても,
心の中を伝えたいな想いをカタチにしたいな　したいな描いた夢ちょっと膨らんでどこまでも行く　いま愛のままに涙は少ないほうがいいないつでも笑っててほしいな　ほしいな描いた想像も膨らんで幸せの意味　そっと噛み締めるそう　答えはダイヤモンド僕からのダイヤモンドてくてく　未来を行くよオーイェー！手をつないで歩こう　夢見る恋人嗚呼　いつもホントありがとう愛を込めて　君へのダイヤモンドできればいいモノが欲しいな給料3ヶ月分は高いな　高いな描いた予算も膨らんで指をくわえる　そんな午後ですでも　心はダイヤモンド100カラット　ダイヤモンドキラキラ　世界を行くよオーイェー！手をかざして進もう　寄り添う恋人嗚呼　これからもよろしく愛の誓い　僕らのダイヤモンドダイヤモンド君はなんて言うんだろうどんな顔すんだろうドキドキ　未来を行くよオーイェー！手をつないで歩こう　夢見る恋人嗚呼 このドアの向こうに　君が待ってるオーイェー！手をつないで歩こう　夢見る恋人嗚呼　いつもホントありがとう愛を込めて　君へのダイヤモンド愛の誓い　僕らのダイヤモンドダイヤモンドヘイ！ウィヴ・カット・ア・ダイヤモンド！,
赤く光る太陽はダメな僕の胸を焦がして僕は君の為にできることをさがすでも見つからない…だから壊す　僕は壊す　僕の中の小悪魔を壊すナマケモノの血を引いた子悪魔をんでもって少しずつ音も立てず影が伸びて君に届くちょっとだけ　頑張ってみるからこんなひ弱な僕でも羽が生えて君の心を飛び回ることができるのでしょうか？Tell meDarling how to fly tonight.Darling how to play tonight.きっと少しずつ歩いていけば遠足のような気分になれるちょっとだけ遠くにいて君が見えなくなっても目を閉じれば夢の中でまた出会って笑い合って手を結んでTell me...ちょっとだけ　頑張ってみるからこんなひ弱な僕でも羽が生えて君の心を飛び回ることができるのでしょうか？ちょっとだけ遠くにいて君が見えなくなっても目を閉じれば夢の中でまた出会って笑い合って手を結んでTell meDarling how to fly tonight.Darling how to play tonight.ちょっとだけ羽が生えて,
一番強い君が　なんで一番泣いてるんだよ震える背中も隠せないみんなで追いかけた「最強」の姿ってなんだよ今は顔を上げよう　今は顔を上げよう無駄になったことは　ただのひとつもなかったよ敗れた今日の日の痛みさえどんな才能にも　きっと完璧なんてないんだよ行こう　前に進もう　行こう　前に進もうカタチの悪い不器用な涙からはじまってゆく強さもあるんだよ今はうまく言葉にならなくてもその傷跡は未来への勲章さ誰かを思った時　強くなれるだなんてそんな綺麗事は言わないよだけどひとつだけ　ひとつだけ言わせてよちゃんと　ここにいるよ　みんな　ここにいるよ君が積み上げた努力の結晶を笑う奴なんて誰一人いないよ今はただ込み上げる悔しさでも仲間たちが明日へ連れてくよカタチの悪い不器用な今だから手に入れられる大事な瞬間だよカタチの悪い不器用な涙からはじまってゆく強さもあるんだよ今はうまく言葉にならなくてもその傷跡は未来への勲章さ,
ほら大丈夫　僕はここだよ君はどんな今日を過ごしてる？この歌を手紙にかえて嗚呼　伝えたい　嗚呼　伝えたいすれ違い会えない日々も少しずつ慣れてくるものです見えてくる本当の答えは嗚呼　ただひとつ　嗚呼　ただひとつ笑っていようよ　涙を拭こうよ君が好きだよ離れてたって　いつまでもラララ　愛しい恋人ラララ　おやすみ恋人夢が醒め　まだ暗い部屋見渡せば　あの日の物語悲しみも裏切りも嗚呼　溶けてゆく　嗚呼　溶けてゆく覚えていたいよ　忘れちゃいないよ君が好きだよ傷跡だって　今じゃもうラララ　愛しい思い出笑っていようよ　涙を拭こうよ君が好きだよ離れてたって　いつまでもラララ　愛しい恋人ラララ　愛しい恋人ラララ　おやすみ恋人,
けんけんぱってなリズムで始まった昼下がりコンクリートパネルの上を君が飛び跳ねるななめ前 ななめ横 ななめ後ろ 見渡す限りなんでもないような一日が色をつける都会の隅で見つけた小さな手精一杯やさしく握り締めた東京ライフ 素敵な日々が続くとしたなら東京ライフ きっと君なしでは考えられないでしょう徹底的に別れを拒む君のスタイルどんな会話の切れ端にもサヨナラがない不安なことは たぶんお互い様で心配ないよ 愛はここにある東京ライフ ほら二人を後押しするように東京ライフ 今日も力強く太陽が沈んでく東京ナイト いつしかともる灯りと帰り道東京ナイト いきなりで悪いんですが 駅まで競走です東京ライフ 素敵な日々が続くとしたなら東京ライフ きっと君なしでは考えられないでしょう,
暮れ行く街にそっと　差し込むビル影家なき鳥たちも　夕空帰ってゆく疲れて眠る人　繰り返す毎日につり革にもたれて　僕も目を伏せる強がんなよ　ほらこっち向いてよいつかの夢はどこよなんでこの街に来たのかななにを夢見て来たのかなうつむきかけたその心に東京の景色が問いかける東京の景色が問いかけるゴールを急ぐのも　途中下車するのもたぶん答えなんてもんは　ひとつじゃないらしいふざけんなよ　今に見てろよ追いかけ続けたのは　まぼろし？なんであの街を出たのかなどんな未来を描いたかなぐるぐる回るこの電車にしばらく心運ばれてみるなんで出逢ってしまったかななんで見つけてしまったかな夢より大切なあなたをこのままで守っていけるかななんでこの街に来たのかななにを夢見て来たのかなうつむきかけたその心に東京の景色が問いかける東京の景色が問いかけるにじんだ涙で問いかける,
目と目が絡まった　路地裏のスターライト誰もが眠る夜にどこでこんがらがった　逆さまのスターライト今宵も幕が上がる1匹鳴いて　街が泣く泣くあの子も泣いて　スターライト1匹鳴いて　街が泣く泣くあの子も泣いて　スターライト100匹鳴いて　街が泣く泣くあの子も泣いて　スターライト100匹鳴いて　街が泣く泣くあの子も泣いて　スターライト　スターライト太陽を失った　蝉たちのムーンライトニセモノだとも知らず都会の光が強すぎて　ムーンライトちぐはぐ時を刻む1匹鳴いて　街が壊れるあの子も壊れて　ムーンライト1匹鳴いて　街が壊れるあの子も壊れて　ムーンライト100匹鳴いて　街が壊れるあの子も壊れて　ムーンライト100匹鳴いて　街が壊れるあの子も壊れて　ムーンライト　ムーンライトムーンライト目指せ　アルケイディア夏の夜のインソムニアきっと元の身体には戻れない悲劇だミーンミーンミーンミーン100匹鳴いて　街が泣く泣くあの子も泣いて　スターライト100匹鳴いて　街が泣く泣くあの子も泣いて　スターライト100匹鳴いて　街が泣く泣くあの子も泣いて　スターライト100匹鳴いて　街が泣く泣くあの子も泣いて　スターライト　スターライトスターライト　スターライト,
Nice to me CHU！！！ Nice to me CHU！！！Lesson 1君が求める愛のどうのこうのたぶん教科書には載ってないです数字だけじゃ解き明かせないのDon't you think？ Baby！！ それじゃ始めましょう起立！気をつけ！礼！ありのまま歌いたい　ありのまま踊りたいありのままはしゃぎたい　みんな準備はどうなの！？ Yeah！！Nice to me CHU！！！ Nice to me CHU！！！君と出逢えた　この奇跡にNice to me CHU！！！ Nice to me CHU！！！理由なんていらないでしょう？ずっと待ってた　私たちだけの物語を行こうLesson 2ところで君どこから来たの？あらら　ようこそようこそ　はじめましてお近づきのしるしにひとつAre you Ready？ Baby！！ それじゃ叫びましょナイス！トゥ！ミー！チュー！(チュー！)今日は手ぶらでいいみたい　前の日眠れなくていいみたいおやつは300円までみたい　心の旅へ出かけよう Yeah！！Nice to me CHU！！！ Nice to me CHU！！！夢が詰まった　その瞳でNice to me CHU！！！ Nice to me CHU！！！新たな世界を覗いたらすべてがワンダーランド　高鳴りの中で地図を拡げようみんな調子はどうなの！？ Yeah！！Nice to me CHU！！！ Nice to me CHU！！！いま感じてる愛を全部Nice to me CHU！！！ Nice to me CHU！！！君の歌に変えてゆきたい(もう一回！)Nice to me CHU！！！ Nice to me CHU！！！君と出逢えた　この奇跡にNice to me CHU！！！ Nice to me CHU！！！理由なんていらないでしょう？ずっと待ってた　私たちだけの物語を行こう,
目指せ　栄光のナンバーワン「椅子取りゲームじゃないんだぜ」口をついて出た感情がマウンドの熱を舞い上げてく簡単に語れないだろう？眼差しが指す　そのナンバーワン振りかぶる夢はどこへ咲くぜんぶキレイになくなっていつか思い出になって記憶の中へと押しやってしまう前に掴みたい今日があって確かめたい舞台があって　君と行くよ情熱に湧き上がるその汗も悔しさに流れたあの涙も譲れない　揺るぎない　僕らが選んだ答えさもう戻れないと　嗚呼　嘆くよりもう届かないと諦めるより僕達の今(あかし)を突きつけよう目指せ　栄光のナンバーワンエースは泣いたりしないだろう？背中に背負う　そのナンバーワン振り向く暇などないはずさみんなバラバラになって急に誰もいなくなって立ち尽くす僕ら　そんな結末のために努力したわけじゃなくて日々重ねてきたんじゃなくて　前を向くよ解けそうな心に喝采を擦り切れたグローブに勲章を無駄にはしない　未来はあどけなくただ笑いかけるよ　ナンバーワン情熱に湧き上がるその汗も悔しさに流れたあの涙も譲れない　揺るぎない　僕らが選んだ答えさもう戻れないと　嗚呼　嘆くよりもう届かないと諦めるより僕達の今(あかし)を突きつけよう目指せ　栄光のナンバーワンWe are the Only One！目指せ　栄光のナンバーワンWe are the Only One！目指せ　栄光のナンバーワン,
沼！沼！沼！あれよあれよという間にのめり込んで気づけばもう抜けない24時間　かれこれ君のことばかり沼…沼…沼！沼！ダメよダメよと言うのにハマり込んでこれっきりって言えない寝ても覚めてもぐるぐる君のことばかり沼…沼…沼！沼！この地球(ほし)のきっと片隅に私を叱ってくれる人がいる　いる！いる！あれよあれよという間にのめり込んで気づけばもう抜けない24時間　かれこれ君のことばかり沼…沼…沼！沼！イヤよイヤよもきっと好きのうちだと飛び込んでは溺れてくご都合のいい解釈だけは得意なの沼…沼…沼！沼！この街で愛を重ねて私を釣り上げてくれてるのは誰　誰！誰！泳げ泳げと世間の波に飲まれたくましさは太平洋バタバタバタとバタ足だけは得意なの沼…沼…沼！沼！この地球(ほし)のきっと片隅に私を叱ってくれる人がいる　いる！いる！いる！いる！いる！あれよあれよという間にのめり込んで気づけばもう抜けない24時間　かれこれ君のことばかり沼…沼…沼！沼！沼…沼…沼！沼！,
なんか最近ほんとツイてないていうか　何かが足りない心の中身がコレ　入ってないんじゃない?ガラクタみたいな日々ばかりこりごり　イェーヘイ　連れ去って　モンスターヘイ　目を覚ませ　モンスターヘイ　闇にまみれ　モンスター縛られるものなど何もない絡まれ　ぶつかれダンス　ダンス　ブギーダンス　ダダンダンス　ブギーお気の召すまでダンス　ダンス　ブギーダンス　ダダンダンス　ブギー朝が来るまで踊らない世界になんて興味ないよノーノーノーノーノーノーノーそれは子供だましの怪談刷り込まれた　ブギーマンその方が大人の都合がいいんじゃない?ミセシメみたいな物語こりごり　イェーヘイ　忍び寄って　モンスターヘイ　ここへおいで　モンスターヘイ　迎えに来て　モンスターそんなイイ子ちゃんじゃもういられない転がれ　あやかれダンス　ダンス　ブギーダンス　ダダンダンス　ブギーお気の済むまでダンス　ダンス　ブギーダンス　ダダンダンス　ブギー誰の出まかせ?眠らない街もそんな悪くないよノーノーノーノーノーノーノーヘイ　連れ去って　モンスターヘイ　目を覚ませ　モンスターヘイ　闇にまみれ　モンスター縛られるものなど何もない絡まれ　ぶつかれダンス　ダンス　ブギーダンス　ダダンダンス　ブギーお気の召すまでダンス　ダンス　ブギーダンス　ダダンダンス　ブギー朝が来るまで踊れない世界になんて興味ねぇよノーノーノーノーノーノーノー　ノーノーノーノーノーノー,
うーがおー！出発進行　ジャパリパーク！(サーバル！)なにこれなにこれー！(アライさん！)よし出番なのだ！(フェネック！)世話の焼けるパートナーさあおいで君も飛び乗って　手を繋いだらそれが夢のフリーパス(プリンセス！)OK準備はいい？(イワビー！)ロックに決めるぜー！(コウテイ！)いつか空も飛べるよそうやって君とあちこち　ゆくけもの道海も山も心もつながる出発進行　ジャパリパーク！近づいてくる　足音は誰＼パンパカパッパパーン／「フルルー！」「ジェーン！」Oh Welcome to ジャパリストーリー君に降り注ぐストーリーほら　とりとめない今日の日も　君がいればファンタジーあの向こうに　目指す旅立ちの果てにさあ　響き渡るはずだよ　笑い声のハーモニーカモーン！うーがおー！発車オーライ　ジャパリライン！(ジェーン！)うまくいきませんね(フルル！)何がダメなんだろう(サーバル！)得意なことそれぞれへーきへーき！みんな違って当たり前だよそれより今日は明日へ続くよ発車オーライ　ジャパリライン！忍び寄ってくる　あの影は何＼パンパカパカパカパーン／「なのだー！」「アライさーん」Your dreams come true　ジャパリメモリー星に刻まれたメモリーきっと　どんなに時が流れても　鳴り止まないシンフォニーお腹空いたら食べるの　日が沈んだら眠るの自由気ままに過ごしてたいけものはそんな生き物―It's Show Time！！―Oh Welcome！Oh Welcome to ジャパリストーリー君に降り注ぐストーリーほら　とりとめない今日の日も　君がいればファンタジーあの向こうに　目指す旅立ちの果てにさあ　響き渡るはずだよ　笑い声のハーモニー鳴り止まないシンフォニーカモーン！うーがおー！出発進行　ジャパリパーク！,
香り香れば愛しい日々の面影ふいに振り向いた肩などぶつけながら夢と答えと忙しさの中で見逃したサイン深い深いため息あの日の別れ話が迷路のような電話が立ち尽くす僕の目の前でゆらり揺れて消えたたそがれ　ビル風　人の流れあなたに会いたい　ただそれだけ思い起こせば七ヶ月の月日あれからずいぶん僕も臆病になった「ありとあらゆる場面が刹那となって重なって“今”をつくる」だの戯言が心の道しるべ街路樹　まぼろし　二人のハイライトあなたに会いたい　ただそれだけだけど後悔はないよ強がりなんかじゃないよどんな過去でも愛せるように僕は“今”を生きるたそがれ　ビル風　人の流れあなたに会いたい　ただそれだけ唇を噛んで　歩きだせばそこにはもう　ほら　明日の香り,
いま夜中の二時また凝りもせず　あなたのことばかり考えてる次着ていく服　待ち合わせ場所幾度となく頭ぐるぐる回る気づけばもう四時締め切りよりも妄想に追われる　僕はミュージシャンまさに上の空　いや　もはやうわごとこれで最後とまた浮かべる心なんてこった　一晩中　あなたのこと考えたら地球に朝が来て　そこから溢れ出す　メロディそこから溢れ出す　メロディ窮鼠猫を噛む　言葉通りに追いつめられた者の馬鹿力人は皆そう　ギリギリの時大切な誰かを想うものですどうしょうもないよ　一晩中　あなたのこと焦がれたなら寝ぼけた眼(まなこ)で　あたふた暴れ出す　ハーモニーあたふた暴れ出す　ハーモニーいつだってそうだよ本当の答えをくれるのは　純度の高い想いさどんなもんだい　一晩中　あなたのこと考えたら地球で一番の宝石みたいな　メロディなんてこった　一晩中　あなたのこと考えたら地球に朝が来て　そこからはじまるよ　メロディそこからはじまるよ　メロディあなたは　はじまりのメロディ,
思い返せば　ホラあの時　首をかしげて子供のような　疑問抱いていたっけ?「空はナゼ青いのか?」なんてホント笑っちゃうよね「それは神様が青い絵の具で塗ったから」って答えて打ち上げ花火のように高く飛んできれいに咲いて　消えてゆくんだねかなわぬ恋路だと人は言うけど行き場を失くした想い心の奥にしまっておくよ君が帰って来るまで山道の途中　二人で寝転がりランプをかかげて夜の星を見上げた闇は二人を包み込んで僕は祈り続けた「どうか神様、時の絵の具で僕たちを塗り固めて」打ち上げ花火のように高く飛んできれいに咲いて　消えたい二人で…今はちょっとだけ休憩時間また何年かしたら　戻っておいでよ赤いランプの灯は消さずにいるから打ち上げ花火のように高く飛んできれいに咲いて　消えたい二人で…今はちょっとだけ休憩時間また何年かしたら　戻っておいでよ赤いランプの灯は消さずにいるから,
君とまた春夏秋冬　ページをめくったら(MANKAI！！！)(Spring！)　あの悲しみも(Summer！)　笑い話も(Autumn！)　すべてを乗せて(Winter！)　季節はまわってゆく君に逢えたね　また出逢えたね重ね　合ったひとつ　ひとついつまでたっても　消えやしないのさ僕らのシナリオはもう偶然なんかじゃないでしょ大袈裟を言ってもいいなら「運命」だと　思いませんか？君とまた春夏秋冬　ページをめくったら僕らの世界にどんな花が咲くでしょう見てみたいよ　もっともっと続きを同じ空の下でさあ行こう　夢の続きを同じ屋根の下で　(MANKAI！！！)つまづくことも　間違うことも一周　すれば過去の　標(しるべ)笑われたって　構いやしないのさ安心してくれよもう独りぼっちじゃないんだよ少し騒がしくなるけど同じ時間(とき)を　刻みませんか？君といま遥かな未来へ　時計を回したら僕らの舞台にどんな道が開くでしょう感じたいよ　もっと可能性を同じ空の下でさあ行こう　次の季節を同じ屋根の下で夢を紡ぐ　ストーリーから絆をつなぐ　物語へと君を連れ出したいんだ春夏秋冬　ページをめくったら僕らの世界にどんな花が咲くでしょう見てみたいよ　もっともっと続きを同じ空の下でさあ行こう　夢の続きを同じ屋根の下で　(MANKAI！！！)さあ　同じ屋根の下で,
ここから始まる世界は何色に染まってゆくだろう自分自身　思い描く景色に不可能はない生まれたての未来何を迎えに行こうか手を伸ばして　つかみ取るんだよそう　色とりどりのワンダーランド僕らだけの黄金航路帆をあげて　笑い飛ばして　君と一緒なら最高さいま拡げよう　バカでかい世界地図を歴史的な1ページをさあ　動き始める　新世界これまでいくつの願い　誓いひとりで悩んできたんだろう自分らしく　しおらしく待ってても始まらない輝かしい時代共に作りに行こうか手をつないで　走り出すんだよそう　君とならばファンタジア映画のような黄金航路まんざらじゃない　こうして出逢えたことこそ奇跡さ声をあげよう　旅立ちには祝福を大袈裟なエピソードを　さあ手を伸ばして　つかみ取るんだよ帆をあげて笑い飛ばして手を伸ばして　つかみ取るんだよそう　色とりどりのワンダーランド僕らだけの黄金航路帆をあげて　笑い飛ばして　君と一緒なら最高さいま拡げよう　バカでかい世界地図を歴史的な1ページをさあ　動き始める　新世界,
It's a パラレルワールド遠慮しないでもっと BabyIt's a パラレルワールド君なしでは Ladyレッツゴーキック　タップ　キック　タップ絡み合う別世界キック　タップ　キック　タップ奏で合う新世界縛られすぎても　決めつけても意味ないって言ってんじゃん風向きはいま　旅立ちにはちょうどいい行こう　パラレルワールド未だ手付かずのアップデートを試そうって言ってんじゃん誰も知らない僕らだけのリアリティー常識なんて捨ててこうぜ「夢みたいだ」って笑いたいぜ他人の目とか　テイク・イット・イージーさあ　今宵扉を開けてみましょうIt's a パラレルワールド遠慮しないでもっと Baby秘密の旅に出ましょうIt's a パラレルワールド君なしでは Lady現(うつつ)も夢もニセモノのままほら　二人のパラレルワールドレッツゴーキック　タップ　キック　タップ絡み合う別世界キック　タップ　キック　タップ奏で合う新世界一人二役を演じるのは無骨なメッセンジャー弾き語るのは　愛というラボラトリー誰もしないことしてたいし君の初めてになりたいしたぶん僕ら似た者同士さあ　四の五の言わず没頭しましょうIt's a パラレルワールド怖がらないで Baby秘密を科学しましょうIt's a パラレルワールド浮気しても Crazy僕らはまた好奇心のまま覗き込むよ　パラレルワールドキック　タップ　キック　タップかつてない新世界へねえ試すかい？常識なんて捨ててこうぜ「夢みたいだ」って笑いたいぜ他人の目とか　テイク・イット・イージーさあ　今宵扉を開けてみましょうIt's a パラレルワールド遠慮しないでもっと Baby秘密の旅に出ましょうIt's a パラレルワールド君なしでは Lady現(うつつ)も夢もニセモノのままほら　二人のパラレルワールドレッツゴーキック　タップ　キック　タップ絡み合う別世界キック　タップ　キック　タップ奏で合う新世界,
何気なく奏でたイントロをなぞるように優しい鼻歌がすり抜ける名前のない場面に名前をつけるようなものさ空のギターケースに物語重ねるパッセージそこに生まれる１ページ手のひらに太陽を　くちびるにはメロディを二人で合わせれば　笑い声この空の向こう　まだ見ぬ明日が微笑む嗚呼　どこまでも行こう　ひだまりの日々を耳を疑うようなニュースやソースがあたりに溢れてる普通じゃないことまで　「そういうもんだろ？」って適当になっていつも流されていって忘れてはいけない　当たり前なんてありえない積み上げていこう　大切な日々を涙の夜でも　トゲのある朝でも　愛しい過ぎてゆく過去を　柔らかな気持ちで見送っていきたい重ねるパッセージそこに生まれる１ページ手のひらに太陽を　くちびるにはメロディを二人で合わせれば　笑い声この空の向こう　まだ見ぬ明日が微笑む嗚呼　どこまでも行こう　ひだまりを歩いていこう　ひだまりを口ずさもう　ひだまりのうたを,
高層ビルに阻まれ回り道して30分君の家は近いようで遠い二人の関係もまさにそんな感じバランスとるのがやっとの綱渡り後ろめたいけど ホーミー・ホーミー・タイト昔こんな曲なかったかい?彼女彼氏持ちだなんてはなっから 気にしてないか君に会いに行くよ山がなんだ 谷がなんだ ビルがなんだすべて平らにして一歩一歩 進んでくよ電話ごし聞こえるうざったい低いトーン彼氏の声?それとも10時のニュース?確かめたいけど 聞き出せない昔こんなコトなかったかい?彼女彼氏持ちだなんてはなっから 分かってたけど胸に突き刺さるよこんな夜は君以外の人に優しくなれたりするんだ一歩一歩 堕ちてゆくよ人の子として生まれたからにゃ欲望はいなめない道徳上の正義か悪かこだわってたらろくに恋もできないや君に会いに行くよ山がなんだ 谷がなんだ ビルがなんだすべて平らにして一歩一歩 進んでくよ一歩一歩 進んで堕ちてくよ,
「たぶんヒーローなんていないさ憧れが産んだ偶像さ今日もとことんツイてない早いトコ　やり過ごして　こなして家に帰りたい　帰りたい　もう眠りたいヒーローなんていないさホントどこにいんのさ」さあ　出勤だ呼ばれて飛び出て　ジャジャジャジャンヒーローインポッシボー！まわりにまわって　あなたもきっと誰かのヒーローその汗は世界を救っているかもしれないありえない　でも0(ゼロ)じゃない話でしょ僕らの中に『可能性』という名のヒーロー(強いぜ　かっこいいぜ)「どんなに頑張ってたってせいぜいこれが現実さ越えられない壁が　そこにはあんのさ」どうしたんだうつむいてないで　ジャジャジャジャンヒーローインポッシボー！知らないところで　あなたもきっと誰かのヒーロー大切なあの子に届いているかもしれない嘘じゃない　そう夢じゃない話でしょ僕らは常に『可能性』の中で生きてる　生きてる変身ベルトも変身メガネも必要ないよこの言葉があれば　誰でもかれでもヒーローそう、「ありがとう」まわりにまわって　あなたもきっと誰かのヒーローその汗は世界を救っているかもしれないありえない　でも0(ゼロ)じゃない話でしょ僕らはすでに『可能性』という名のヒーロー(強いぜ　かっこいいぜ　やっぱすごいぜ　実はすごいぜそして強いぜ　かっこいいぜ　ホントすごいぜ　実はすごいぜ),
(P-I-E-R-R-O-T　P-I-E-R-R-O-T)ハーイ　調子どうですか　うまく立ち振る舞えてますか渡る世間はなんとやら　(That's cool!!)まぁそれはいいとして　ほら近づいてくる足音オーケイ!　席について　レッツショータイム時にムービースター　そして時にロックスター表舞台は七変化　(That's cool!!)それがどうかした?　僕は僕なりの道しるべオーライ!　連れてゆくよ　ワンダーランド考えていてもキリがない何百回ころんでも　何百回つまずいても夢見る心で　エンターテインユーあなたがただ笑ってくれるのなら喜んで僕はピエロになるラララ　ラララララ　幕を開けましょうラララ　ラララララ　虹を架けましょう(P-I-E-R-R-O-T　P-I-E-R-R-O-T)地位も名誉もない　いや　もとから考えてないか持つべきものはイマジネイション　(That's cool!!)どんな現実も　心までは奪えないオーケイ!　見せてあげる　ファンタジアいつまでたっても変わらない誰かが冷やかしても　誰かがからかってもなに食わぬ顔で　エンターテインユー固くなった頭を解きほぐそうそう世界は僕らのもの飛び交う空中ブランコ人それぞれ　代わりばんこ　めぐりめぐる時代さもうみんなヒーローでいいだろ?何百回ころんでも　何百回つまずいても夢見る心で　エンターテインユー愛だ恋だなんだ　並べる前にとにかくその笑顔に用がある何百回ころんでも　何百回つまずいても夢見る心で　エンターテインユーあなたがただ笑ってくれるのなら喜んで僕はピエロになるラララ　ラララララ　バカにされましょうラララ　ラララララ　ドジを踏みましょうラララ　ラララララ　さあ手をつなぎましょうラララ　ラララララ　僕らだけのエンターテインメントショウレディース&ジェントルメン　エンターテインメントショウ,
明日は明日の風が吹いていた時代の澄みきった星がきれいな冬のある日のこと終わりかけた街の灯りを遠く眺めたら締めつけられそな高鳴りが僕らを襲ったんだ今日を終えた人々の流れ横目であざ笑って最終電車を見送り僕らは夜の風になった人差し指立て 騒ぎちらかしてはU.F.O. が見えたとか月の表裏が逆だとか当たり前のように声を張り上げていたんだ生きる術もプロセスも分かってきたけれどあの頃ほど物事を純粋に捉えられないいてもたってもいられなくなって取り出したスニーカー急行電車に飛び乗り僕らがいた場所へ向かった窓に映る影 過ぎゆく光たち殺伐とした街並みにただこの焦りを溶かしながら辿り着いた僕はせえので空を見上げたよ訳も分からず大人になってく境界線などどこにもない最終的に僕達はそれぞれの道へと進んだ流されるまま 成す術もないままどういう未来を待ってる?ねぇ どういう明日を夢見てる?高鳴りは そう 強くあの頃より 強く最終電車を見送り僕は一人で風になろうたとえいくつになってもここから旅立ってゆくんだ,
君と見たい世界はこれしかない退屈な歌でごまかしたくない根拠はない　地図もないただ君となら浮かぶ　騒がしい未来日々に喝采を　常に感動を　宵闇に大いなる冒険を行こう　行こう　光を灯せ　ファイヤー！まるで飼い馴らされてくモンスター雁字搦め　遠吠えのパッション街行く人は背を向け出す誰も彼も白い目で聞き流すこんなもんじゃないぜ　ベイベー僕は死んでない踊り狂え Are you Ready？君の番さ　さあ　いま火をつけろファイヤー！ いまファイヤー！ いまファイヤー！ ウオッオオオッオー！ファイヤー！ いまファイヤー！ いまファイヤー！ ウオッオオオッオー！ヘイ！ 灯せ　僕たちのファイヤー！鎖につながれたまま笑い者にされるマイノリティ嫌気がさして荒ぶり出す誰も彼も振り切って叫び出すなんてことはないぜ　ベイベー間違っちゃいない思い出して Are you Ready？君の居場所は　いまここにあるファイヤー！ いまファイヤー！ いまファイヤー！ ウオッオオオッオー！ファイヤー！ いまファイヤー！ いまファイヤー！君を縛るその「日常」ってやつは　今ごろ地球の裏側ミラーボールがくるり回れば　夜はまだまだこれから続いてくぜ心配なんてしないで　ベイベー朝はまだ来ない踊り明かせ Are you Ready？君の番さ　さあ　いま火をつけろファイヤー！ いまファイヤー！ いまファイヤー！ ウオッオオオッオー！ファイヤー！ いまファイヤー！ いまファイヤー！ ウオッオオオッオー！ヘイ！ 灯せ　僕たちのファイヤー！灯せ　僕たちのファイヤー！,
七色の夜を君と渡ろうそんな魔法みたいな旅に出かけよう全然眠れない　そんな夜更けにはちょっと抜け出して　屋上に咲く声ふたつ散々　小馬鹿にされた作り話もなぜか君だけは涙ぐんで聞いてくれる月夜さ純粋でピュアな乗客(パッセンジャー)時間ならたっぷりあるんだろう？さあ　今日はこれからどんな冒険をしよう七色の夜を君と渡ろうそんな魔法みたいな旅に出よう風に祝福を　星に願いを世界がほら語りだすよ1078(イチマルナナハチ)号室　病室の部屋の中起きてはまた寝て　退屈そうに窓の外を見てた偶然そこで出会った二人って　もはや運命かな君の代わりに外の世界を話してあげよう理想と現実　目を覆う日々そんな魔法が冷めてしまわぬように汚い言葉を　綺麗な嘘に変えて君をまた騙すよ舌を抜かれて　泥棒になっても　僕は構わない君が笑顔でいてくれるのなら　なんだって構わない七色の嘘で君と笑おうそんな馬鹿みたいな旅にしよう風に祝福を星に願いを世界がほら語りだすよほら朝が来るよ,
なッ、なッ、なッ、なに勝手に入って来ちゃってんの！？　ベイベーオツム足りてないの？　ここ僕の領域(ゾーン)一切がっさいの　侵入を禁ず親にだって容易にまたがせないこの敷居だダメだ　寄るな　鳴くな　噛むな　用を足すなビビディバビディブー　Fu～ろくでもない世界に現れたデストロイヤーAh　僕のすべてがむちゃくちゃになってく大切なフィギュアも　部屋中がご覧のとおりAh　なのにお前を憎めないのはなぜ？ななななにかってぇと　お茶を濁してきたせいでうまくしゃべれないの　現実の領域(ゾーン)一切がっさいの　追随を許さずネットでは「ネ申ネ申ネ申」と崇み奉られ涙ながら　夢さながら　独りだからビビディバビディブー　Fu～救いようのないリアルに蓋をしたバーチャライダーAh　あの日かけたパスワードが解けてく暗黒の日々から　顔を出した二つの瞳Ah　そんなお前にすげぇ名前つけようぜポチ　ハチ公　ゴン太　チャッピー　ムサシ　コジローチップ　ボビー　ライカ　パトラッシュ　フェルディナンドろくでもない世界に現れたデストロイヤーAh　僕のすべてがむちゃくちゃになってく塞ぎ込んだ笑顔も　顔中がほらご覧の通りAh　今日からお前は　なんて言うかそうAh　なんて言うかもう　「友達」とかいうやつだぜポチ　ハチ公　ゴン太　チャッピー　ムサシ　コジローチップ　ボビー　ライカ　パトラッシュ　フェルディナンドやっぱハチ公！,
振りほどいた心乾いた風の滑走路君は何を描く？　君は何を描く？なあ　夢ってなんだろう夢中で追いかけた残像に君は何を思う？　君は何を笑う？なあ　愛ってなんだろうテレビの中の先導者彼は何を笑う？　彼は何を笑う？簡単な言葉じゃもう片付かないそんなんじゃ僕らは誤魔化せないなあ　夢ってなんだろうなあ　愛ってなんだろうきっと　答えのない日々は続いてくのさ痛み悲しみを越えてほら　どこにも掴まる場所がないならハイハイ　この指止まれいつもの屋上で待ってます風の滑走路で待ってます君は何を願う？　君は何を願う？簡単にこの手を離れていってしまう自由なんて意味だって履き違えてしまうなあ「死ぬ」って言うなよもう「死ぬ」って言うなよ身を乗り出してみても羽根などないしそこから未来は開けないほら　どこにも掴まる場所がないならハイハイ　この指止まれ君と二人　つなぐ空が黒い絵の具で潰されそうだよ壊れながら　崩れながら　何が君を救う？きっと　答えのない日々は続いてくのさ痛み悲しみを越えてほら　どこにも捕まる場所がないならハイハイ　この指止まれ,
ほら　何回だって何回だって　旅に出ようよ目指せ Yeah Yeah Yeah Yeah Yeah行こうWow Wow Wow　うー！がぉー！みんな輪になって騒ごう(ジャパリパーク！君とジャパリパーク！)思い出して　いつも胸に(ジャパリパーク！君とジャパリパーク！)ねぇねぇねぇ　置いてかないでおっきな愛で　わたしも乗っけて　ウッフッフー(フレ！フレ！レッツゴー！君はフレンズ)フレ！フレ！レッツゴー！君はフレンズ出発進行　ベストフレンズ(Oh　ハイッ！)忘れないで勇気(勇気！)　君の中にあるよ(Oh Baby)この広い世界で(世界で！)　解き明かす地図があるならほら　何回だって何回だって　旅に出ようよさあ　つづけ！(つづけ！)　進め！(進め！)未踏のエリアつづけ！(つづけ！)　進め！(進め！)未踏のエリア目指せ Yeah Yeah Yeah Yeah Yeah行こうWow Wow Wow　うー！がぉー！ちょっとお腹がすいたら(じゃぱりまん！君とじゃぱりまん！)こっそりみんなに内緒で食べないで(じゃぱりまん！君とじゃぱりまん！)ねぇねぇねぇ　これがあなたの　これはわたしの分け合いたいの　ウッフッフー(ワイ！ワイ！一緒に食べるフレンズ)ワイ！ワイ！一緒に食べるフレンズ100倍美味しい　ベストフレンズ(ぎゅっ！)離さないで未来(未来！)　いつもそばにいるよ(Oh Baby)君のいない今日より(今日より！)　君と行く「今」を選べばほら　何年だって何年だって　笑い合えるよさあ　食べよう！(食べよう！)　味わおう！(味わおう！)希望のフレーバー(ゴーゴーレッツゴー！君はフレンズ！×4　Yeah！)七色の海に浮かぶ大陸へと嵐をかきわけ　渡ろう(Oh　ハイッ！)忘れないで勇気(勇気！)　君の中にあるよ(Oh Baby)この広い世界で(世界で！)　解き明かす地図があるならほら　何回だって何回だって　旅に出ようよさあ　つづけ！(つづけ！)　進め！(進め！)未踏のエリアつづけ！(つづけ！)　進め！(進め！)未踏のエリア目指せ Yeah Yeah Yeah Yeah Yeah行こうWow Wow Wow　うー！がぉー！君はずっとベストフレンズ君もきっとベストフレンズ君とやっとベストフレンズまだ君といたいよ　ベストフレンズそうさ　君はずっとベストフレンズ,
A型！ B型！ O型！ AB型！Uhhhhhh！！！「親切・丁寧」だって書いてるよ　これ当たってない？(えーっ！わかんなーい！)それじゃ　どこか適当なページを選んでみてください(そういうゲームじゃないからこれー！)ジグザグ　やりたい放題ちぐはぐ　すれ違い放題四苦八苦してるのになんでなんでどして　わかってくれないの？アクティブな上にリーダー気質だって　超良くない？(興味なーい！)じゃあもう　ケンカのもとはビリビリに破いて捨てちゃいま…(やだ！信じらんなーい！)なんだかんだで　愉快爽快すったもんだ　笑いも絶えないだってそうさ　人類皆兄弟A型！ B型！ O型！ AB型！みんなが輪になって　世界は回るよほら　あなただけをひとりにはしないよUhhhhhh！！！もともと4種類しかないの　この占い？(えーっ！つまんなーい！)っていうか　そもそも4通りしかない生き方だなんて(それじゃ芸がなーい！)当たるも八卦　当たらぬも八卦ぶっちゃけ　何だってOK大事なことってなんだっけ？A型！ B型！ O型！ AB型！みんなが揃って　はじめて「ヒト」と呼ぶよ誰ひとりとして欠けちゃいけないってことだよみんなの身体で　同じ音がするよほら　私たちも友達になろうよみんなが輪になって　世界は回るよほら　あなただけをひとりにはしないよドックドック　流れるミュージックドックドック　弾けるミュージックドックドック　踊るよミュージックドックドックドック　ドドドドドドドックドックドック　流れるミュージックドックドック　弾けるミュージックドックドック　踊るよミュージックドックドックドック　ドドドドドドドック,
Glowing！！ Glowing！！さあ行こう　描く夢は最大級つまづきながら　泥にまみれながらゆずれない想いが育ってく足りないものや　拭い去りたいものただ夢中で手を伸ばす今日だよ精一杯　背伸びすることに理由なんてないけれど迎えにゆく　新たな自分をほらStep！！ Step！！ Step！！ Step！！Step by step！！Glowing！！ Glowing！！さあ行こう　描く夢は最大級Rolling！！ Rolling！！最後まで転がってゆけ BLOOM OF YOUTH見えるかい？ 道はまだ途中うまくなりたくて　でもうまくいかなくて笑われた　あの時の情熱ついごまかして　急に恥ずかしくなってポケットにしまい込んだ夢一生懸命でいることに君は冷めたりしないでひたむきさは最強の武器だよTry！！ Try！！ Try！！ Try！！Try it again！！Okey-Dokey！！胸を張ろう　失敗しても大丈夫Step on！！ Step on！！踏み出すその勇気こそ BLOOM OF YOUTH無限大の可能性を行けまだ名前すらない未来を睨みつけて僕らの青い炎　その闇に照らせGlowing！！ Glowing！！さあ行こう　描く夢は最大級Rolling！！ Rolling！！最後まで転がってゆけ BLOOM OF YOUTHGlowing！！ Glowing！！さあ行こう　描く夢は最大級Rolling！！ Rolling！！最後まで転がってゆけ BLOOM OF YOUTH見えるかい？ 道はまだ途中無限大の可能性を行け,
君はなんで泣いてるの言わなきゃわかんないでしょう一体どこかに不協和音があったの？どうやってもみるみる涙が　こぼれ落ちてしまうのはぜんぶ僕のせい？いないないばあ君のビートを感じたい　感じたいよいないないばあ君のことちゃんと知りたいよ　カモーン！声上げて　わっはっは笑い合えば　ベイブ憂鬱なんて飛んで行きそうさ腹抱えて　わっはっは幸せそうなグルーヴ見せてくれよ　ベイビーミュージックライダー大人の喜びも　ともなう切なさもきっとそれなり学んできたつもりだよだけど産まれたばかりの君の涙の旋律解(ほど)けそうにないねえ　アンドゥトロワ楽しい時間(とき)をスウィングしたい　スウィングしたいよねえ　アンドゥトロワとびきりのステップをしよう　カモーン！顔上げて　わっはっはしょげないでよ　ベイブ産まれたてのそのソウルで魔法かけて　わっはっは君の笑顔は　Good！！太陽のプリセットハーモナイザー泣きたい時に泣いてたね笑いたい時ちゃんと笑えたねココロのままカラダから音出して生きてるってこと奏で伝えて音楽って呼ぶには幼稚　そんなこともう百も承知ありのまま聞かせてよ　Ho！！声上げて　わっはっは笑い合えば　ベイブ憂鬱なんて飛んで行きそうさ腹抱えて　わっはっは幸せそうなグルーヴ見せてくれよ　ベイビーミュージックライダー,
謎めくいろはに　また嘘を並べるさあ　コインはどっち右左でこっち？残念　両手に答えはない右手に妄言　左手には虚言そうそう簡単に信じちゃいけないよOh oh　ふくれないで踊れ踊れ　デタラメの中でO-oh oh　ペテン師なんていっそ鼻で笑おうか謎めくいろはに　また嘘を並べる本当の心は　月影に隠して誰を騙すより　自分を騙しては月下にただ一人　嗚呼　君を重ねる夜な夜なミッション　丑三つアイソレーションそうさ誰にもバレやしない機密事項の　別部屋の暗号そうそう簡単に教えるわけないよOh oh　構わないで騒げ騒げ　デマカセの中でO-oh oh　スパイだなんて馬鹿げたこと言わないで流れる浮世に　ただ過去を浮かべる真実すべてを　面影に託してふいに横切った　優しい思い出に密かに涙して　嗚呼　君を求めるこの孤独にS.O.Sこの憂鬱にS.O.Sこの世界にS.O.Sこの運命にS.O.S謎めくいろはに　また嘘を並べるラララ　本当の心は　月影に隠して誰を騙すより　自分を騙しては月下にただ一人　嗚呼　君を重ねる君を重ねる,
毎回毎回こういう時だけしゃしゃり出てきて一体全体あんたは何様のつもりだいそれまでの恋だとか すぐ思い出になるとかうざってぇぞホント余計なお世話だうざってぇぞもう構うな恋の愛の相談所でも開業したつもりかい大体大体 あんたにゃ何もしゃべりたくない返す言葉は どうせ安っぽい哲学だろ?だまってろもう受付は終了だだまってろつきまとうな一人にさせてくれ ペンネでも食ってろうざってぇぞホント余計なお世話だうざってぇぞもう構うなうざってぇもう構うな,
Yeah yeah Yeah yeah tatatara tatatatataYeah yeah Yeah yeah tatatara tatatataそもそも出会ったのが奇跡 気まぐれ甘いワナ地下鉄別れ話 ひどくかすれた僕の声つないだ影が長く伸びて 赤く染まる幸せ今日のこのとがった日まで 包み込むのか「ホント流れ星って願えば 叶うものなのかな」ってずっとそこに立って 君から放つ夜空への SOSそっと手を伸ばして 探る指先は宙を切って急に暗くなって あたりは吠える犬と泣き崩れる君がいて Wow…気が付けばヒマワリも踏みにじるような そう悲しみと劣情一度目は「好き」という 言葉が返ってこないコト 二度目は夏が来ても 会えない時間が多いコト 三度目の痛みはそこから 君以外の人が入り込み 僕のベクトルを変えたコト ずっと立ち尽くして 時計の針は何回まわった?きっと君にとって 忘れるコトのない残酷なトキぎゅっと手をつかんで唇 噛んだ震えた声で確かに君は言った 「ユルサナイヨ」「ホント流れ星って願えば 叶うものなのかな」ってずっとそこに立って 君から放つ夜空への SOSそっと手を伸ばして 探る指先は宙を切って急に暗くなって あたりは吠える犬と泣き崩れる君がいて Wow…気が付けば後悔と 自分を責める 言葉がありふれて見上げればこんなにも キレイな夜空が僕を待ってるのに 僕を待ってるのに僕を待ってるのに 一人の朝が来て…,
ホント綺麗なんだ　自慢してもいいだろ?実はあの小説の　舞台にもなったくらい古ぼけた感じさえ　ちょっとした味を出す潮風にさらされて　赤茶けたガードレールも桟橋も　看板も　思い出も...嗚呼　君に見せたいよ　愛すべき人よここから見える景色を嗚呼　軽く手を振って　迎えに行くから少し待ってて線香花火の灯　ほのかてらす　君の浴衣姿想像するだけで胸が躍りだすよ嗚呼　花火の灯　ほのかてらす　君の浴衣姿想像するだけで胸が躍りだすよ十年以上も前に　会議室で決まった埋め立ての計画は　たぶんもう覆(くつがえ)らない桟橋(さんばし)も　看板も　思い出も...嗚呼　失われてゆく　跡の形もなく僕の愛した景色が嗚呼　軽く手を振って　さよならするけど振り向けなくて線香花火の灯　ほのかてらす　君の浴衣姿想像するだけで胸が躍りだすよ嗚呼　花火の灯　ほのかてらす　君の浴衣姿想像するだけで胸が躍りだすよ線香花火の灯　ほのかてらす　君の浴衣姿想像するだけで胸が躍りだすよ嗚呼　花火の灯　ほのかてらす　君の浴衣姿想像するだけで胸が躍りだすよ,
風に歌えば　かごめかごめ籠の中の鳥のようさ打てど響かぬ　檻の中で僕らは何を残す愛は机上の空論　浮世離れ冷めた言葉が飛び交うされど単純明快　答えはそうすべて心のままにきっと何千万年先の未来にも僕らの長い長い足跡は続く今はたとえどんな小さな一歩でも　進もう大切な物　人　街ってなんだったろう守りたい明日ってどんなことだったろう君と手を繋いだら　はじめのいっぽ嘘も真も　雁字搦め針の穴も通らないや優柔不断な世界　追い越してさあ　早くこの指止まれはじめのいっぽそうさ　何千万年先の未来へと僕らは長い長い足跡を刻むそれがたとえどんな痛み伴っても　踏み出そう貫きたい強い生き様ってなんだったろう夢見た自分ってどんな奴だったろう君と手を繋ぎ直したら　もう一度ここから始まる　はじめのいっぽ,
不揃いの影を落としながらただただ行く当てのない日々は続いた青春時代を背にして 旅立つはずの僕らがそこにとどまった理由は同じトキの中で 同じ景色の中で答えみたいな何かが用意されているなど到底 思えなかったからいつもこの歩道橋の上に集まって流れゆく街並を見下ろした誰も幸せそうな奴なんていやしないと吐き捨てた言葉を覚えてるあの頃 描いた夢や未来に今の僕らはどんな言い訳 探せばいいのだろう不揃いの影を落としながらいつしか行く当てのない日々は終わった世間体とかを背にして 生きてくはずの僕らがそこに行き着いた理由は過ぎる時間の中で 過ぎる景色の中でどんなにあがいてみたって 逆らえないものがあること気が付き始めたから灰皿代わりの空き缶を囲み合って何度も語った 僕らの行方何一つ確かなものなどないままにそれでもわずかな光求めて…あれから何か見つけられたかい?歩道橋から響いた声は 街の中へ消えた手すりに身を乗り出してたたずんでいるしぐさがあまりにも昔と変わらないでいるから例え疲れた顔でも少し大人になってもまたここで会えそうな気がするんだあの頃 描いた夢や未来に今の僕らは恥じないように精一杯生きてゆこうさぁそろそろ僕は行くことにするよ軽く右手を上げた瞬間 涼しい風が吹いた,
愛の名のもとに　君と描いた境界線今もダンス　今もダンス・オン・ザ・ボーダーライン愛の名のもとに　君と描いた境界線今もダンス　今もダンス・オン・ザ・ボーダーライン何泣いてんの？一体何泣いてんの　ねえ息を切らして　肩を揺らして結構泣いてるきっと止まらない感情きっと止まらない感情ラインたぶん踏み越えたの抱き締めたい　締めたいでも意気地のない僕に　僕にその資格はないせめて　せめて気の済むまでダンス・ダンス・ダンス・ダンス・ダンス愛の名のもとに　君と描いた境界線今もダンス　今もダンス・オン・ザ・ボーダーライン愛の名のもとに　君と描いた境界線今もダンス　今もダンス・オン・ザ・ボーダーライン抜けられないの？なんで抜けられないの　ねえ気づけばまた　ふとしてまた思い出してるずっと終わらない環状ずっと終わらない環状ラインただ回ってるの紐解きたい　解きたいでも君のいない今日に　今日にその答えはないいつも　いつも面影乗せドライブ・ドライブ・ドライブ・ドライブ・ドライブ愛の名のもとに　君と走った湾岸線今もドライブ　今もドライブ・イン・ア・ループライン愛の名のもとに　君と走った湾岸線今もドライブ　今もドライブ・イン・ア・ループライン愛の名のもとに　君と描いた境界線今もダンス　今もダンス・オン・ザ・ボーダーライン愛の名のもとに　君と描いた境界線今もダンス　今もダンス・オン・ザ・ボーダーライン,
僕と寝ましょうよまだ明日の準備がとかなんとか　そんなことより僕と寝ましょうよ君だってもう眠いでしょう？ いつもお疲れおやすみ　おやすみ (電気消して)今宵もお布団にお邪魔しますさせていただきます羊が一匹　羊が二匹君と数えたその先に夢を見る地球は回る　僕らを乗せてまるでゆりかごみたいだね安心しておやすみ　ダーリン僕としましょうよまだ心の準備がとかなんとか　ナニ言ってるの？僕としましょうよ今変なこと考えたでしょう？ 勘違いですハミガキ　ハミガキ (何だと思った？)それではあらためてお邪魔しますハイ　いただきます笑顔がひとつ　つられてふたつ君と見つけたその日々を愛と呼ぶきらめく夜空　静寂の街まるで世界は僕らのものそして君は僕のもの　ダーリン幸せの分だけ　孤独の影が濃くなるどうかつないだその手を離さないでおやすみ　おやすみ (電気消して)今宵もお布団にお邪魔しますさせていただきます羊が一匹　羊が二匹夢の世界へ旅立とう羊が一匹　羊が二匹君と数えたその先に夢を見る地球は回る　僕らを乗せてまるでゆりかごみたいだね安心しておやすみ今宵　君は僕のもの　ダーリン,
まるで標本みたいだ四角に区切られた いくつもの人生はなやかな都会の景色はたまに胸が痛い曇る窓ガラス越し窮屈そうに流れてゆく傘たちいつも君が差したオレンジを探してみたりして何一つ 何一つ変わることない窓の向こうただこの部屋には もう温もりもため息も君の傘もない終わりさえ告がぬまま君が残した傷跡は深く覚えているのは 後ろ姿ばかりまるでシェルターみたいだ何から身を守ろうとしてるのかはなやかな都会のくらしはたまに胸が痛い何回せめぎ合ってもAh やりきれない想いばかりどうゆう今日を暮らしてんの?繰り返しては 消えてゆくさぁ雨よ降り注げにじむ街の中でおどれ悲しみに拍車をかけても今さら失うものなどない終わりさえ告げぬまま君が残した傷跡は深くぬけがらのように眺める 窓の向こう窓の向こう,
僕を背後から飲み込んだ街は容赦なく飲み込んだ家路へ急ぐ足もと捕えられ真夜中の通せんぼう有無を言わせぬ匿名性見失いそうな存在価値プラットホーム　溢れ返る人ごみは顔のないプランテーション関係ない　関心ない　興味なんてない誰かSOS気づいてください曖昧にしないでください世界と僕とのつながりを心の叫びは届かないままただひとりひとりそれぞれの集合体に用意されてるパスワード共通の思考・趣味・記憶当てはまらない者は問題外関係ない　関心ない　興味なんてない誰かIDカード貸してください証明させてください世界と僕とのつながりを心の叫びは届かないままただひとりひとり削られてんだ　すり減ってくんだ戸惑ってるんだ　どうなってるんだ？誰かSOS気づいてください曖昧にしないでください世界と僕とのつながりを心の叫びは届かないままただひとりひとり,
夢をいっぱい咲かせよう君とパッパッとパッと　パッと☆MANKAIイエス！どんなシナリオが待ってる？高鳴りながらページをめくるトライ！難しい場面につまずいても駆け出したら　それが「はじまり」という名のステージ夢を見るすべてに脇役なんていないはずさ君と (二人) 目指す (咲かす)毎日がほら　奇跡ささあ　幕を開けましょう僕らだけの物語ずっと憧れてた　場所がそこにある夢をいっぱい咲かせよう君とパッパッとパッとパッとね力一杯　咲かせよう君とパッパッとパッとパッとねパッパッとパッと　パッと☆MANKAIノー！たった一度の失敗考え出したら　迷い込んでしまうのがラビリンス思い描くすべてがうまくいくとは限らないけれど君は (いつも) 絶対 (満開)笑顔のほうが　素敵さ何度でも這い上がろうバカみたいと言われてもやめられない理由(わけ)なら　ちゃんと胸(ココ)にある焦らないで見ててねいつかパッパッとパッとパッとね少しくらい大目に見てねきっとパッパッとパッとパッとねパッパッとパッとパッと　さんハイッ！忘れたいジレンマ　拭いたいトラウマあの日の傷跡だってまだ癒えない　まだ癒えないけど進むしか手はない　立ち止まる暇はないレッツゴー！レッツゴー！レッツゴー！レッツゴー！奇跡ささあ　幕を開けましょう僕らだけの物語ずっと憧れてた　場所がそこにある夢をいっぱい咲かせよう君とパッパッとパッとパッとね力一杯　咲かせよう君とパッパッとパッとパッとねパッパッとパッと　パッと☆MANKAI,
どうしたんだ　ミスターどうしたんだ　ミスター　トゥナイトだからそんなこと言うなよ「今日は無理かも」じゃないぜいたいけな想いを止めて街はきらめくパーティーショウ置いてけぼりの僕たち今宵の月影よ　嗚呼　こぼれだす愛の灯よどうかコイツを起こしておくれ立ち上がって　ほらしっかりいつまでもめげないで　ミスターたくましい君を見せて雨上がりの夜空に街中が踊りだす　ディキシーミュージックどうしたんだ　ミスターどうしたんだ　ミスター　トゥナイトおいおい　どうしたんだ　ミスターどうしたんだ　ミスター　トゥナイトだからそんな顔すんなよ若かりし日のヒストリー長い付き合いじゃないか　これからも行こうじゃないか僕たちだけのブロードウェイへ新しいモノにばっかりもう次から次へと　ミスター移り気なこの世界さしょぼくれてる時間さえ神様は与えてくれやしないぜどうしたんだ　ミスターどうしたんだ　ミスター　トゥナイト立ち上がって　ほらしっかりいつまでもめげてないで　ミスターたくましい君を見せて雨上がりの夜空に街中が踊りだす　ディキシーミュージックどうしたんだ　ミスターどうしたんだ　ミスター　トゥナイトおいおい　どうしたんだ　ミスターどうしたんだ　ミスター　トゥナイト,
僕の歌がどんな風に君に届くだろう笑い合ったり　確かめ合ったり上手に伝わればいいな泣かないでくれ　恋人いま探してるよ君と僕をつなげるような温かいメロディをすれ違う言葉も　隠した痛みも声のない世界で一人これ以上　それ以上　もううつむかないで聞こえないことは悪いことじゃないよ伝えきれない僕が悪いよ心と心でお話をしようきっとそういうものを　愛と呼ぶんだよきっとそういうものを　愛と呼ぶんだよたとえば少し離れたら　難しいおしゃべりもそのぶん近くで　ずっと近くで君と毎日を過ごそうそれは神様の託したいたずらキレイ事でもなんでもいいあなたを　あなたを　ただ守ってゆきたい二人の未来に　耳を澄ませば僕たちだけの音が聞こえるよ心と心をメロディに乗せて僕がそんな歌を歌い続けよう聞こえないことは悪いことじゃないよ伝えきれない想いがあるんだよ心と心を近づけて　ほら伝わる距離まで近づけて　ほらラララララララ　ラララララララ心と心でお話をしようきっとそういうものを　愛と呼ぶんだよきっとそういうものを　愛と呼ぶんだよ,
もうダメだ　ミュージックブレイクミュージックブレイクくれ　ミュージックブレイクもうダメだ　ミュージックブレイクミュージックブレイクくれよ　ヘイ！夢じゃないぜ　嘘じゃないぜ間違いないぜ　キミ才能あるぜ金になるぜ　あとモテるぜ親御さんにも良い顔できるぜアンタ最初言ったでしょう？最後までちゃんと面倒見てくれよ夢がないぜ　嘘しかないぜ冗談じゃないぜもうダメだ　ミュージックブレイクミュージックブレイクくれ　ミュージックブレイクもうダメだ　ミュージックブレイク　ミュージックブレイクもうダメだ　ミュージックブレイクミュージックブレイクくれ　ミュージックブレイクもうダメだ　ミュージックブレイクミュージックブレイクくれよ　ヘイ！誰の言葉かは知らないが願った時点で夢は半分叶うという半分叶うというのならその額面　とりあえずちょうだいそしてバイト先では正社員採用の声に揺れる夢はどうした　誓いはどうしたどこかで落とした？もうダメだ　ミュージックブレイクミュージックブレイクくれ　ミュージックブレイクもうダメだ　ミュージックブレイク　ミュージックブレイクもうダメだ　ミュージックブレイクミュージックブレイクくれ　ミュージックブレイクもうダメだ　ミュージックブレイクミュージックブレイクくれよ　ヘイ！もうダメだ　ミュージックブレイクミュージックブレイクくれ　ミュージックブレイクもうダメだ　ミュージックブレイク　ミュージックブレイクもうダメだ　ミュージックブレイクミュージックブレイクくれ　ミュージックブレイクもうダメだ　ミュージックブレイク　ミュージックブレイクもうダメだ　ミュージックブレイクミュージックブレイクくれ　ミュージックブレイクもうダメだ　ミュージックブレイクミュージックブレイクくれよ　ヘイ！ヘイ！,
毎夜毎夜　自分を騙してめでたいやライヤー　どこにも行き場なんてないや熱帯夜　踊り続けるのは孤独と熱狂で背中合わせのブギーまあいいや　いいや　ステージで倒れてたいやリタイア　ちょうど疲れた頃合いだ世界だ　自由だ　締め切りだスポットライトでかき消してくれミラクル　ほら　心を開こうミラクル　ほら　心を開こうミラクル　ほら　心を開こうミラクル　ミラクル夢見ていたいよ完全無欠のロックモンスター憧れ続けた完全無敵なロックンロールスターハイヤー　ハイヤー　高みに登る戦いだみんな楽屋では行儀がいいやしんどいや　そんな上っ面な自分という殻を破り捨ててミラーボール　ほら　今宵も踊ろうミラーボール　ほら　今宵も踊ろうミラーボール　ほら　今宵も踊ろうミラーボール　ミラーボール信じていたいのよ難攻不落のロックモンスター追いかけ続けた大胆不敵なロックンロールスターミラクル　ほら　心を開こうミラクル　ほら　心を開こうミラクル　ほら　心を開こうミラクル　ミラクル夢見ていたいのよ完全無欠のロックモンスター憧れ続けた完全無敵なロックンロールスターミラクル　ほら　心を開こうミラクル　ほら　心を開こうミラクル　ほら　心を開こうミラクル　ほら　心を開こうミラクル　ミラクル,
眼鏡ダーリン　パジャマダーリン　エプロンダーリン時にはフォーマルダーリン　カジュアルダーリン君の思いのままレイデー　マイフェアレイデー手の鳴るほうへ　愛を届けよう僕はそう　君の理想のダーリン寝ても覚めても離れない　頭は君を描くはにかんだ心がバカみたい　たちまち空を飛ぶ出逢えた奇跡が　世界のはじまりさどんな未来が待ってる？HOW ワンダフォー！眼鏡ダーリン　スイーツダーリン　黒髪ダーリン見た目は草食ダーリン　でも肉食ダーリンそうね　スキあらば　ハニーレイデー　うつむかないで笑顔のほうへ　愛を叶えようだからそう　教えて理想のダーリン地獄の沙汰も出会い次第　あなたが僕を変える傷ついた心が嘘みたい　ふたたび宙を舞う失くした言葉も　悲しみの過去さえ君のすべてに溶けてくHOW ワンダフォー！眼鏡ダーリン　パジャマダーリン　エプロンダーリン時にはフォーマルダーリン　カジュアルダーリン君の思いのままにレイデー　マイフェアレイデー手の鳴るほうへ　愛を届けよう僕はそう　君の理想のダーリンプリーズ　見てて　さあいま魔法をかけよう,
知らぬ間に『色』がなくなったポッケから落としたかな穴が空いたのはもしかして心の方かもしれないな騒がしい駅のホーム際何がみんな　たのしいかな灰色の人の群れから逃げ出すように抜け出したんだ両耳で塞いだ感情がヘッドフォンへまた伝わってゆく爆音 L　と R　から塗りつぶせ　僕のテリトリー全部　フルボリュームでかき消してどこをどう歩いても　悲しげに見える世界からもう僕をノックしないでよ傷つくのがただ怖くて見て見ないフリをした失うのがただ怖くて大切なものに蓋をした目を背けたのは僕のほう分かってた　気づいていた灰色に見えた群衆はモノクロの自分のせいだってあの日から閉ざした感情が痛みを乗せて広がってゆく反転した世界から取り戻せ　そのアイデンティティそして自分らしさ見つけるんだ心の重さを１g　から数え直してもう一度『色』を探してみたいAh　輪郭がぼやけてく夢と現(うつつ)の境界線コレ以上モウ奪ワナイデヨ爆音 L　と R　から塗りつぶせ　僕のテリトリー全部　フルボリュームでかき消してどこをどう歩いても　悲しげに見える世界ならぶち壊すのはまず自分だきっとそこから始まるんだ,
どんな困難だって必死で這い上がって乗り切る所存ですかたくなんなって精を振り絞って毎日がサドンデス燃やせ煩悩思えばかなり 当り障りのない 平凡な人生だ夢は月並み 恋は人並み 細波と小波繰り返す社会で右往左往してんだすりあわすゴマ そりゃ開けゴマってな具合で猛接待笑えない趣味 ちと加速気味でもついて行かなきゃ未来で待つ 一姫二太郎のためどんな困難だって必死で這い上がって乗り切る所存ですそんなこんな言ってベッドに寝転んでリビドーとサドンデス燃やせ煩悩こねるのはダダ うまくいきゃ タグでもらえる幸福もある本書ベラベラ 弱音タラタラ 頭をよぎんのは被害妄想及び現実逃避とんだ災難だって妙に構えたって開ける明日はないすったもんだやって今日もどんづまって楽しんでいこうじゃないどんな困難だって必死で這い上がって乗り切る所存ですかたくなんなって精を振り絞って毎日がサドンデス燃やせ煩悩燃やせ煩悩,
ドンスタッ！ドンスタッダッミュージック！お祭り騒ぎはお嫌い？ドンスタッ！ドンスタッダッミュージック！さあ始めましょう　調子合わせて　いっせいの　ワオ！ドンスタッ！ドンスタッダッミュージック！やぐらの太鼓も止まんないドンスタッ！ドンスタッダッミュージック！囲んで浮かれましょうあたしはシンデレラ　あなたは王子様順繰り近づいて　運命の順番はぐるぐる回るそして出番よほら　モラトリアムに酔いしれて憂き世をそっと抜け出して月が哭けば　二人のダンスフロア嗚呼　踊り踊れや境界線恋と友情の真ん中で指を結んで　心ひらいてもうちょっと夢を見てたいの　ワオ！ノックノック！ノッコンダハービッ！とにかく鼓動は止まんないノックノック！ノッコンダハービッ！刹那の愛に乗って自分探しだとか　生きてく意味だとか案外簡単ね　目の前のあなたを独り占めしたいホントそれだけねぇ　だから現実(リアル)を投げ出して浮世離れとかこつけて闇夜の先に回るはミラーボール嗚呼　所詮は絵空事だとオトナコドモの真ん中で妙に斜に構えてなんかないでありのまんまさらして頂戴　ワオ！特別な魔法が解けたらまた元通り戻ってゆくからほら　モラトリアムに明け暮れて憂き世は遠く霧の中もっと踊って　ここで踊ってほら　モラトリアムに酔いしれて憂き世をそっと抜け出して月が哭けば　二人のダンスフロア嗚呼　踊り踊れや境界線恋と友情の真ん中で指を結んで　心ひらいてもうちょっと夢を見てたいの　ワオ！ドンスタッ！ドンスタッダッミュージック！ドンスタッ！ドンスタッダッミュージック！ドンスタッ！ドンスタッダッミュージック！ドンスタッ！ドンスタッダッミュージック！ドンスタッ！ドンスタッダッミュージック！,
目を醒ませ僕らの世界が何者かに侵略されてるぞ作り物のようなこの日々に僕らのS.O.Sが加速する何かが違うと知りながら見慣れた空　同じ景色に今日が流れてくあの日の誓いってなんだっけ教室で何を語ってたっけこのままじゃ約束まで消えてしまう目を醒ませ僕らの世界が何者かに侵略されてるぞこれは訓練でも　リハーサルでもない覆われた日常というべールを　勢いよく剥がしたら戦いの鐘が鳴るそれじゃとりあえず同盟を結ぼうか―　君を“退屈”から救いに来たんだ！ニセモノみたいな思い出に「昔は良かった」って指を差す虚しいだけと知りながら悟ったフリ　見て見ぬフリで傷を隠してくヒーローになれやしないんだって主人公は誰かやるでしょって知らぬ間に諦めたりしないでよ目の前の僕らの世界は何ものにも代えられない世界それは子供も大人も関係ない繰り返す日常というルールに　騙されそうになったら反旗を翻そうさあ僕たちだけの革命を起こそうかA wish A wish come true夜の星に願いを君とつなげた夢のUNION目を醒ませ僕らの世界が何者かに侵略されてるぞこれは訓練でも　リハーサルでもない覆われた日常というべールを　勢いよく剥がしたら戦いの鐘が鳴るあの頃のように同盟を結ぼうか―　君を“退屈”から救いに来たんだ！,
Welcome to ようこそジャパリパーク！今日もドッタンバッタン大騒ぎうー！がぉー！高らかに笑い笑えばフレンズ喧嘩して　すっちゃかめっちゃかしても仲良しけものは居ても　のけものは居ない本当の愛はここにあるほら君も手をつないで大冒険Welcome to ようこそジャパリパーク！今日もドッタンバッタン大騒ぎ姿かたちも十人十色　だから魅かれ合うの夕暮れ空に　指をそっと重ねたらはじめまして君をもっと知りたいなうー！がぉー！振り向けば　あちらこちらでトラブルなんてこった　てんでんバラバラちんぷんかんぷんまとまんないけものですもの　大目に見ててねみんな自由に生きているそう君も飾らなくて大丈夫Nice to meet youジャパリパーク！今日からはどうぞよろしくねいつもいつでも優しい笑顔　君を待っていたの開かれた扉(ゲート)　夢をいっぱい語ったらどこまででも続いてくグレイトジャーニーOh　東へ吠えろ　西へ吠えろ世界中に響け　サファリメロディWelcome to ようこそジャパリパーク！今日もドッタンバッタン大騒ぎ姿かたちも十人十色　だから魅かれ合うの夕暮れ空に　指をそっと重ねたらはじめまして君をもっと知りたいなうー！がぉー！ララララ　ララララ Oh Welcome to the ジャパリパーク！ララララ　ララララララ　集まれ友達ララララ　ララララ Oh Welcome to the ジャパリパーク！ララララ　ララララララ　素敵な旅立ちようこそジャパリパーク！,
言葉じゃないの大切なのははいけるフィール　図太いソウルだいたい勝手なコトぬかす奴等があってのコトこの世の中を軽くぶっ壊して祈れや　歌えや踊れや　叫べやTu-tu-ru yeah Tu-tu-tu-tu yeahろくでもないの　にぎわう正義はじかれてく奴等も多いだろう？僕らは髪を崇め　使い古され　また捨てられ今度は仏様にでも頼もうか頭を丸めて滝にも打たれてTu-tu-ru yeah Tu-tu-tu-tu yeah折れや　歌えや踊れや　叫べやTu-tu-ru yeah Tu-tu-tu-tu yeah,
100万ドルを望む　シティライツ遠巻きじゃここは楽園近づいてよく見れば　骨組みだらけのハイウェイ交差点で叫ぶ　シティボーイズ他人事のようなサイレン善人も悪人も　巨大な都市が飲み込むどこまでいこう　兄弟世界が終わるまで？この手元に何が残るか死に際まで足掻きましょう街は作って壊して　忙しいやまるで鉄のオブジェさ人の欲望のカタチに姿を変えてちょっと黙って　もう騒々しいな欲しいのはひとつだけここにいるこの存在を認めてよ　パライーソ近未来を謳う　シティライツ我が儘に闇夜を裂いて夢だとか愛さえも　宇宙船がごとく飛ぶところで最近どうだいうまく笑えてるかい？もし空っぽのグラスならばどんな夜で満たしましょう涙　拭って流して　あれおかしいなここは理想郷のはずさいつのまにかビルの森に心蝕まれなんでもあるようなフリしてなんにも見つからない街で「答え」みたいな言い訳を探すのさ　パライーソ巡りゆくヒトにも　移りゆくモノにも物語が灯る嗚呼　今宵も100万の光の一部になってく街は　街は作って壊して　忙しいやまるで鉄のオブジェさ人の欲望のカタチに姿を変えてちょっと黙って　もう騒々しいな欲しいのはひとつだけここにいるこの存在を認めてよ　パライーソパライーソ！,
あー頭いてぇな　いま一体何杯目なんだ？ここまで来て「敗退→撤退」の流れなんて絶対にありえない巡り巡ってチャンス伺って　夢にまで見て登りつめたリング(Hit me！)大丈夫たぶん　意識の混濁は逃れてる昨日までの情けない自分にSTOP！投げ込まれてくタオルの残像　ぐるぐるぐるアルコールの残量ほらほらまだまだ全然効いてないよOh　メラメラと燃える恋心あなたに触れたくてこのパーティーフロア　照準を絞って心打ち抜くまで　何杯でもかかってこいよさあ行くぜ　今宵も君にドランカー今宵も君にドランカー　今宵も君にドランカー　今宵も君にドランカーたしかにウチは代々伝わる下戸の一家父さんのじいさんのそのまたひぃじいさんもずっと弱かったらしい耐性ゼロで生まれてきてでも　手にしたい君のチャンピオンベルトほらほらまだまだ全然懲りてないよOh　フラフラと踊る膝小僧あきらめきれなくてこのパーティーフロア　ロープを掴んで心射止めるまで　何度だって立ち上がるんだ目指すはそう　あなたの世界ランカーあなたの世界ランカーアッパー　ストレート　ジャブ　アッパー　ストレート　ジャブアッパー　ストレート　ジャブ　アッパー　ストレート　ジャブアッパー　ストレート　ジャブ　アッパー　ストレート　ジャブアッパー　ストレート　ジャブ　メラメラと燃える恋心あなたに触れたくてこのパーティーフロア　ゴングを鳴らして君を勝ち取るため　となりの席は譲れないのさあ　とことん飲み明かそうぜあなたに触れたくてこのパーティーフロア　照準をしぼって心打ち抜くまで　何杯でもかかってこいよさあ行くぜ　今宵も君にドランカー今宵も君にドランカー　今宵も君にドランカー　今宵も君にドランカー…,
あの人も　この人も平気な顔してんのは　なぜだろうなにげなく　なんとなくなにか悟ったかのように世界は動きますごまかして　つくろってうさん臭い未来を　それでも信じて何するの?　どこ行くの?それが幸せなんて呼べるの?そうだ　わかんないことは聞いてみよう!せんせーい　レクチャーミーどんどんいこう心に花を　広がる夢をせんせーい　レクチャーミーどんどんいこう明るい明日を　僕ら叶えるために「わかりづらい…めんどくさい…」そんな僕の世代を踏み台に大人たちは今日もどこかで甘い甘い蜜を吸う息を殺し　息を呑み息苦しくなってちゃ世話ないぜ当たり障りのない答えではもう誰も守れやしないねさあさあ　手を挙げて　ヒアウィーゴー!せんせーい　レクチャーミーどんどんいこう心に花を　広がる夢をせんせーい　レクチャーミーどんどんいこう明るい明日を　僕ら叶えるために僕ら叶えるために　僕ら叶えるために,
そろそろ時間が来たみたい準備オーライ　発車オーライ旅立つ世界は美しい次の場所へ　ステップバイステップ心に花　手のひらに太陽唇にいつもメロディダラダラ　ハラハラ　歩めばもう気分はスタンドバイミーどの街へ行こう　この道を行こうほどいた風に　シャナナナ　歌声を忘れないでしょう　笑い合いましょうさよならのその代わりにレッツシンガソングうしろに道が出来るのはホント誇らしい　ゆえに物悲しいだって過ぎ行く素敵な時間が古くなってゆくからだから奏でよう　今を奏でようどんな過去にも　シャナナナ　花束を顔を上げましょう　声を上げましょう置いてきたものすべてにレッツシンガソング道に迷ったらどうしよう　(関係ないぜ　関係ないぜ)寂しくなったらどうしよう　(関係ないぜ　関係ないぜ)おなかがすいたらどうしよう　(関係ないぜ　関係ないぜ)足りないものだらけでもいい旅の途中じゃないかどの街へ行こう　この道を行こうほどいた風に　シャナナナ　歌声を忘れないでしょう　笑い合いましょうさよならのその代わりにレッツシンガソング,
夜の箱船　浮かぶレディオしゃれたトークと　とろけるミュージックNana…nanana…　「エビエビカミカミシェキシェキナ!」お待ちかねです　カーステレオビルを飛び交う　メガメガヘルツNana…nanana…　「エビエビカミシェイクシェイクシェイク!」気持ち良くなりたいよほら　あの曲ちょうだいよ　ヘイ嘆くコロニー　ミュージッコロジー　イェーOh　レディオじゃんじゃん　心響かせて　レディオつなぐつながる　シャナナナーハイハイ　僕を連れてって　レディオ夜の彼方へ　シャナナナー夢の波に乗れ　Oh　レディオ魚死んだ魚のような目をした奴ばかり産む街はまるで管理されたアクアリウムオイッチニッサンッシ　行進だ「ゼンターイトマレ!」少しはみだしたいよここからもう抜け出したいよ　ヘイ探せリアリティ　叫べマイノリティ　イェーOh　レディオじゃぶじゃぶ　心泳がせて　レディオ猫も杓子も　シャナナナーハイハイ　僕を釣り上げて　レディオ外の世界へ　シャナナナーみんな波に乗れ　Oh　レディオ魚気持ち良くなりたいよほら　あの曲ちょうだいよ　ヘイ嘆くコロニー　ミュージッコロジー　イェーOh　レディオじゃんじゃん　心響かせて　レディオつなぐつながる　シャナナナーハイハイ　僕を連れてって　レディオ夜の彼方へ　シャナナナーじゃんじゃん　心響かせて　レディオシャナナナーハイハイ　僕を連れてって　レディオシャナナナー夢の波に乗れ　Oh　レディオ魚耳のごちそう　僕らのレディオつなぐつながる　いつでもレディオ耳のごちそう　僕らのレディオつなぐつながる　どこでもレディオレディオショーアイキャントストップ　レディオ!,
夕方5時5分　暮れる憂鬱がひとつ人ごみはただ　溢れ流れてく傷つかないように　気づかないフリをして小綺麗な嘘で　必死に繕ってるそんな狭い世界じゃ　ロックンロールも愛もないじゃない？飾ってないで　全部捨てちまえばいいじゃない捨てちまえばいいじゃない同じ服を着て　同じような顔をして大義という名の　波が押し寄せるそんなつらい世界じゃ　ロックンロールも愛もないじゃない？「進入禁止」って　どこにも書いてないじゃないほら　書いてないじゃないそんな怖い顔して　ロックンロール響かないんじゃない？逆走するくらいがカッコいいって　大目に見ていいじゃないそんな狭い世界じゃ　ロックンロールも愛もないじゃない？飾ってないで　全部捨てちまえばいいじゃない捨てちまえばいいじゃない…もうこんな時代　キライ,
握りしめたのは何かの種この木なんの木になんのかね僕らはそれをやり過ごす　やり過ごす生まれてきたのはあなたのためって無防備に鳴らした愛の鐘ディンギンドン　ディンギンドンふいに気づく日常の灯が影を落とし　ただひび割れてく別れの種だね　言葉も絶え絶え気づけばそこから　サヨナラの花が芽を出すのだってそっとしといたら事を荒立てないですむ僕も傷つかないですむ　すむいつ誰とって聞くでしょ？どうせ嘘つくんでしょ？得意でしょ？キリないでしょうよ弱い心をごまかして　数年後どんな二人　演じているんだろう悩みの種だね　噂はかねがね最後に僕らは　サヨナラの果実ほおばるの？ふいに気づく日常の灯が影を落とし　ただひび割れてく別れの種だね　言葉も絶え絶え気づけばそこから　サヨナラの花が芽を出すの別れの種だね　言葉も絶え絶え気づけばそこから　サヨナラの花が芽を出すの,
すすり泣くフクロウ夜はどんどん僕らを染めてくカタチなど気にしないあちらこちらにあこぎな劣情をバラまいて右も左も分からなくさせる暗がりの部屋妖し気に光るデジタル時計さあ入り口はあそこだ言葉は持って行かないモラルや体裁や良心も目と目が合えばそれでいいそしていつまでも触れ合っていよう赤裸々な愛撫で一つになろう見たことない世界の中で今夜あなたは僕のものひょんなことから愛すべきあの人の横顔ふと浮かんでしまうことがあっても「短き人生、意味のない交わりなんてない」とか適当に流しといてください今はそれよりも抱き合っていようわけありなのは二百も承知見たことない世界の中で間違いなくあなたは僕のものそしていつまでも触れ合っていよう赤裸々な愛撫で一つになろう見たことない世界の中で今夜あなたは僕のもの,
ご機嫌いかが？上の空から　夢の世界へ落ちまして森の中で目を覚ましたらはじまる冒険ファンタジーあちらこちら　しゃべる動物二足歩行のアマガエルロジカル　フィジカル　並べる前にお茶でも淹れましょなんてこった　なんだこりゃ　ヘンテコな夢だないや　夢か現か　真実はミステリー不思議な国に落ちたら　君と二人　旅に出ましょう不安だらけの世界も　君とだからうまくやれそうさ不思議な国に落ちたら　君と二人　旅に出ましょう不安だらけの世界も　君とだからうまくやれそうさ君とだからうまくやれそうさあれやこれや　元はと言えばこれは僕の夢の中自由自在　キャストも自在君をイマジネーションはい　呼ばれて飛び出てじゃじゃじゃん　じゃじゃじゃっじゃっじゃーんいや金輪際　もう一切合切　かたじけない不思議な夢が覚めたら　君になんて話をしよう来てくれてありがとうって　少し照れながら伝えよう不思議な夢が覚めたら　君になんて話をしよう来てくれてありがとうって　少し照れながら伝えよう思考のジャーニー　黄金のモラトリアムいろんな足跡を残そう「紅茶はいらない」「紅茶はいかが？」不思議な国に落ちたら　君と二人　旅に出ましょう不安だらけの世界も　君とだからうまくやれそうさ不思議な国に落ちたら　君と二人　旅に出ましょう不安だらけの世界も　君とだからうまくやれそうさ君とだからうまくやれそうさらんらららららん　らんらんらららんらんらららららら　らららんらんらんらららららん　らんらんらららんらんらららららら　らららんらんらんらららららら　らららんらん,
